"","name","group","host","ref_strain","collection_time","sample_number"
"1","01_9426_0000_01",1,9426,"ref_strain",0,1
"2","01_2460_0003_01",1,2460,"ref_strain",3,1
"3","01_5622_0003_01",1,5622,"ref_strain",3,1
"4","01_4022_0004_01",1,4022,"ref_strain",4,1
"5","01_6959_0004_01",1,6959,"ref_strain",4,1
"6","01_9331_0004_01",1,9331,"ref_strain",4,1
"7","01_6895_0006_01",1,6895,"ref_strain",6,1
"8","01_1365_0007_01",1,1365,"ref_strain",7,1
"9","01_2682_0008_01",1,2682,"ref_strain",8,1
"10","01_4951_0008_01",1,4951,"ref_strain",8,1
"11","01_5418_0008_01",1,5418,"ref_strain",8,1
"12","01_3959_0009_01",1,3959,"ref_strain",9,1
"13","01_4579_0009_01",1,4579,"ref_strain",9,1
"14","01_6088_0009_01",1,6088,"ref_strain",9,1
"15","01_5812_0010_01",1,5812,"ref_strain",10,1
"16","01_8772_0010_01",1,8772,"ref_strain",10,1
"17","01_1723_0011_01",1,1723,"ref_strain",11,1
"18","01_2613_0011_01",1,2613,"ref_strain",11,1
"19","01_9571_0011_01",1,9571,"ref_strain",11,1
"20","01_1645_0012_01",1,1645,"ref_strain",12,1
"21","01_4341_0012_01",1,4341,"ref_strain",12,1
"22","01_4533_0012_01",1,4533,"ref_strain",12,1
"23","01_6490_0012_01",1,6490,"ref_strain",12,1
"24","01_8128_0012_01",1,8128,"ref_strain",12,1
"25","01_9406_0012_01",1,9406,"ref_strain",12,1
"26","01_1220_0013_01",1,1220,"ref_strain",13,1
"27","01_3777_0013_01",1,3777,"ref_strain",13,1
"28","01_5147_0013_01",1,5147,"ref_strain",13,1
"29","01_9529_0013_01",1,9529,"ref_strain",13,1
"30","01_0644_0014_01",1,644,"ref_strain",14,1
"31","01_1538_0014_01",1,1538,"ref_strain",14,1
"32","01_3005_0014_01",1,3005,"ref_strain",14,1
"33","01_3262_0014_01",1,3262,"ref_strain",14,1
"34","01_9628_0014_01",1,9628,"ref_strain",14,1
"35","01_0547_0015_01",1,547,"ref_strain",15,1
"36","01_3039_0015_01",1,3039,"ref_strain",15,1
"37","01_5079_0015_01",1,5079,"ref_strain",15,1
"38","01_5501_0015_01",1,5501,"ref_strain",15,1
"39","01_7077_0015_01",1,7077,"ref_strain",15,1
"40","01_0755_0016_01",1,755,"ref_strain",16,1
"41","01_3567_0016_01",1,3567,"ref_strain",16,1
"42","01_9032_0016_01",1,9032,"ref_strain",16,1
"43","01_1103_0017_01",1,1103,"ref_strain",17,1
"44","01_2043_0017_01",1,2043,"ref_strain",17,1
"45","01_2850_0017_01",1,2850,"ref_strain",17,1
"46","01_4677_0017_01",1,4677,"ref_strain",17,1
"47","01_4773_0017_01",1,4773,"ref_strain",17,1
"48","01_5221_0017_01",1,5221,"ref_strain",17,1
"49","01_6589_0017_01",1,6589,"ref_strain",17,1
"50","01_8815_0017_01",1,8815,"ref_strain",17,1
"51","01_9705_0017_01",1,9705,"ref_strain",17,1
"52","01_9794_0017_01",1,9794,"ref_strain",17,1
"53","01_1694_0018_01",1,1694,"ref_strain",18,1
"54","01_2047_0018_01",1,2047,"ref_strain",18,1
"55","01_2252_0018_01",1,2252,"ref_strain",18,1
"56","01_6591_0018_01",1,6591,"ref_strain",18,1
"57","01_8061_0018_01",1,8061,"ref_strain",18,1
"58","01_8612_0018_01",1,8612,"ref_strain",18,1
"59","01_8774_0018_01",1,8774,"ref_strain",18,1
"60","01_8952_0018_01",1,8952,"ref_strain",18,1
"61","01_1879_0019_01",1,1879,"ref_strain",19,1
"62","01_2768_0019_01",1,2768,"ref_strain",19,1
"63","01_5588_0019_01",1,5588,"ref_strain",19,1
"64","01_7741_0019_01",1,7741,"ref_strain",19,1
"65","01_7828_0019_01",1,7828,"ref_strain",19,1
"66","01_8667_0019_01",1,8667,"ref_strain",19,1
"67","01_9330_0019_01",1,9330,"ref_strain",19,1
"68","01_0036_0020_01",1,36,"ref_strain",20,1
"69","01_0103_0020_01",1,103,"ref_strain",20,1
"70","01_0111_0020_01",1,111,"ref_strain",20,1
"71","01_1282_0020_01",1,1282,"ref_strain",20,1
"72","01_1678_0020_01",1,1678,"ref_strain",20,1
"73","01_2495_0020_01",1,2495,"ref_strain",20,1
"74","01_2551_0020_01",1,2551,"ref_strain",20,1
"75","01_4594_0020_01",1,4594,"ref_strain",20,1
"76","01_5708_0020_01",1,5708,"ref_strain",20,1
"77","01_5921_0020_01",1,5921,"ref_strain",20,1
"78","01_7020_0020_01",1,7020,"ref_strain",20,1
"79","01_8453_0020_01",1,8453,"ref_strain",20,1
"80","01_1237_0021_01",1,1237,"ref_strain",21,1
"81","01_2030_0021_01",1,2030,"ref_strain",21,1
"82","01_3139_0021_01",1,3139,"ref_strain",21,1
"83","01_3561_0021_01",1,3561,"ref_strain",21,1
"84","01_4129_0021_01",1,4129,"ref_strain",21,1
"85","01_4581_0021_01",1,4581,"ref_strain",21,1
"86","01_6111_0021_01",1,6111,"ref_strain",21,1
"87","01_6164_0021_01",1,6164,"ref_strain",21,1
"88","01_7395_0021_01",1,7395,"ref_strain",21,1
"89","01_8090_0021_01",1,8090,"ref_strain",21,1
"90","01_8979_0021_01",1,8979,"ref_strain",21,1
"91","01_1048_0022_01",1,1048,"ref_strain",22,1
"92","01_1407_0022_01",1,1407,"ref_strain",22,1
"93","01_1689_0022_01",1,1689,"ref_strain",22,1
"94","01_2773_0022_01",1,2773,"ref_strain",22,1
"95","01_4614_0022_01",1,4614,"ref_strain",22,1
"96","01_4691_0022_01",1,4691,"ref_strain",22,1
"97","01_5183_0022_01",1,5183,"ref_strain",22,1
"98","01_8228_0022_01",1,8228,"ref_strain",22,1
"99","01_8292_0022_01",1,8292,"ref_strain",22,1
"100","01_9030_0022_01",1,9030,"ref_strain",22,1
"101","01_0168_0023_01",1,168,"ref_strain",23,1
"102","01_0589_0023_01",1,589,"ref_strain",23,1
"103","01_0803_0023_01",1,803,"ref_strain",23,1
"104","01_2736_0023_01",1,2736,"ref_strain",23,1
"105","01_4648_0023_01",1,4648,"ref_strain",23,1
"106","01_4676_0023_01",1,4676,"ref_strain",23,1
"107","01_5031_0023_01",1,5031,"ref_strain",23,1
"108","01_6024_0023_01",1,6024,"ref_strain",23,1
"109","01_7560_0023_01",1,7560,"ref_strain",23,1
"110","01_8422_0023_01",1,8422,"ref_strain",23,1
"111","01_9060_0023_01",1,9060,"ref_strain",23,1
"112","01_0330_0024_01",1,330,"ref_strain",24,1
"113","01_0752_0024_01",1,752,"ref_strain",24,1
"114","01_0786_0024_01",1,786,"ref_strain",24,1
"115","01_1426_0024_01",1,1426,"ref_strain",24,1
"116","01_2789_0024_01",1,2789,"ref_strain",24,1
"117","01_3295_0024_01",1,3295,"ref_strain",24,1
"118","01_4286_0024_01",1,4286,"ref_strain",24,1
"119","01_4938_0024_01",1,4938,"ref_strain",24,1
"120","01_5880_0024_01",1,5880,"ref_strain",24,1
"121","01_6303_0024_01",1,6303,"ref_strain",24,1
"122","01_6833_0024_01",1,6833,"ref_strain",24,1
"123","01_7234_0024_01",1,7234,"ref_strain",24,1
"124","01_7940_0024_01",1,7940,"ref_strain",24,1
"125","01_8255_0024_01",1,8255,"ref_strain",24,1
"126","01_8572_0024_01",1,8572,"ref_strain",24,1
"127","01_9146_0024_01",1,9146,"ref_strain",24,1
"128","01_9763_0024_01",1,9763,"ref_strain",24,1
"129","01_1859_0025_01",1,1859,"ref_strain",25,1
"130","01_2663_0025_01",1,2663,"ref_strain",25,1
"131","01_2919_0025_01",1,2919,"ref_strain",25,1
"132","01_3286_0025_01",1,3286,"ref_strain",25,1
"133","01_4328_0025_01",1,4328,"ref_strain",25,1
"134","01_5541_0025_01",1,5541,"ref_strain",25,1
"135","01_5991_0025_01",1,5991,"ref_strain",25,1
"136","01_6027_0025_01",1,6027,"ref_strain",25,1
"137","01_6169_0025_01",1,6169,"ref_strain",25,1
"138","01_6255_0025_01",1,6255,"ref_strain",25,1
"139","01_6359_0025_01",1,6359,"ref_strain",25,1
"140","01_6518_0025_01",1,6518,"ref_strain",25,1
"141","01_6695_0025_01",1,6695,"ref_strain",25,1
"142","01_7339_0025_01",1,7339,"ref_strain",25,1
"143","01_7343_0025_01",1,7343,"ref_strain",25,1
"144","01_7501_0025_01",1,7501,"ref_strain",25,1
"145","01_8127_0025_01",1,8127,"ref_strain",25,1
"146","01_8896_0025_01",1,8896,"ref_strain",25,1
"147","01_9021_0025_01",1,9021,"ref_strain",25,1
"148","01_9199_0025_01",1,9199,"ref_strain",25,1
"149","01_9375_0025_01",1,9375,"ref_strain",25,1
"150","01_9757_0025_01",1,9757,"ref_strain",25,1
"151","01_0336_0026_01",1,336,"ref_strain",26,1
"152","01_1087_0026_01",1,1087,"ref_strain",26,1
"153","01_1440_0026_01",1,1440,"ref_strain",26,1
"154","01_1746_0026_01",1,1746,"ref_strain",26,1
"155","01_2194_0026_01",1,2194,"ref_strain",26,1
"156","01_2452_0026_01",1,2452,"ref_strain",26,1
"157","01_2895_0026_01",1,2895,"ref_strain",26,1
"158","01_5243_0026_01",1,5243,"ref_strain",26,1
"159","01_5584_0026_01",1,5584,"ref_strain",26,1
"160","01_5759_0026_01",1,5759,"ref_strain",26,1
"161","01_6384_0026_01",1,6384,"ref_strain",26,1
"162","01_7969_0026_01",1,7969,"ref_strain",26,1
"163","01_9098_0026_01",1,9098,"ref_strain",26,1
"164","01_9329_0026_01",1,9329,"ref_strain",26,1
"165","01_0639_0027_01",1,639,"ref_strain",27,1
"166","01_0762_0027_01",1,762,"ref_strain",27,1
"167","01_1334_0027_01",1,1334,"ref_strain",27,1
"168","01_1584_0027_01",1,1584,"ref_strain",27,1
"169","01_1830_0027_01",1,1830,"ref_strain",27,1
"170","01_2059_0027_01",1,2059,"ref_strain",27,1
"171","01_2533_0027_01",1,2533,"ref_strain",27,1
"172","01_2902_0027_01",1,2902,"ref_strain",27,1
"173","01_3484_0027_01",1,3484,"ref_strain",27,1
"174","01_3516_0027_01",1,3516,"ref_strain",27,1
"175","01_3850_0027_01",1,3850,"ref_strain",27,1
"176","01_4116_0027_01",1,4116,"ref_strain",27,1
"177","01_4169_0027_01",1,4169,"ref_strain",27,1
"178","01_4627_0027_01",1,4627,"ref_strain",27,1
"179","01_4651_0027_01",1,4651,"ref_strain",27,1
"180","01_4726_0027_01",1,4726,"ref_strain",27,1
"181","01_6910_0027_01",1,6910,"ref_strain",27,1
"182","01_6913_0027_01",1,6913,"ref_strain",27,1
"183","01_7217_0027_01",1,7217,"ref_strain",27,1
"184","01_7237_0027_01",1,7237,"ref_strain",27,1
"185","01_8363_0027_01",1,8363,"ref_strain",27,1
"186","01_0026_0028_01",1,26,"ref_strain",28,1
"187","01_0282_0028_01",1,282,"ref_strain",28,1
"188","01_0636_0028_01",1,636,"ref_strain",28,1
"189","01_0809_0028_01",1,809,"ref_strain",28,1
"190","01_2304_0028_01",1,2304,"ref_strain",28,1
"191","01_2415_0028_01",1,2415,"ref_strain",28,1
"192","01_2500_0028_01",1,2500,"ref_strain",28,1
"193","01_2553_0028_01",1,2553,"ref_strain",28,1
"194","01_2582_0028_01",1,2582,"ref_strain",28,1
"195","01_2809_0028_01",1,2809,"ref_strain",28,1
"196","01_3531_0028_01",1,3531,"ref_strain",28,1
"197","01_3536_0028_01",1,3536,"ref_strain",28,1
"198","01_3932_0028_01",1,3932,"ref_strain",28,1
"199","01_4298_0028_01",1,4298,"ref_strain",28,1
"200","01_4751_0028_01",1,4751,"ref_strain",28,1
"201","01_4756_0028_01",1,4756,"ref_strain",28,1
"202","01_4994_0028_01",1,4994,"ref_strain",28,1
"203","01_5087_0028_01",1,5087,"ref_strain",28,1
"204","01_6402_0028_01",1,6402,"ref_strain",28,1
"205","01_6837_0028_01",1,6837,"ref_strain",28,1
"206","01_7461_0028_01",1,7461,"ref_strain",28,1
"207","01_7635_0028_01",1,7635,"ref_strain",28,1
"208","01_7905_0028_01",1,7905,"ref_strain",28,1
"209","01_7921_0028_01",1,7921,"ref_strain",28,1
"210","01_0267_0029_01",1,267,"ref_strain",29,1
"211","01_0302_0029_01",1,302,"ref_strain",29,1
"212","01_0583_0029_01",1,583,"ref_strain",29,1
"213","01_0724_0029_01",1,724,"ref_strain",29,1
"214","01_0896_0029_01",1,896,"ref_strain",29,1
"215","01_2080_0029_01",1,2080,"ref_strain",29,1
"216","01_2419_0029_01",1,2419,"ref_strain",29,1
"217","01_2598_0029_01",1,2598,"ref_strain",29,1
"218","01_3425_0029_01",1,3425,"ref_strain",29,1
"219","01_3539_0029_01",1,3539,"ref_strain",29,1
"220","01_4455_0029_01",1,4455,"ref_strain",29,1
"221","01_4893_0029_01",1,4893,"ref_strain",29,1
"222","01_5123_0029_01",1,5123,"ref_strain",29,1
"223","01_5757_0029_01",1,5757,"ref_strain",29,1
"224","01_6001_0029_01",1,6001,"ref_strain",29,1
"225","01_6441_0029_01",1,6441,"ref_strain",29,1
"226","01_6553_0029_01",1,6553,"ref_strain",29,1
"227","01_6777_0029_01",1,6777,"ref_strain",29,1
"228","01_6960_0029_01",1,6960,"ref_strain",29,1
"229","01_7203_0029_01",1,7203,"ref_strain",29,1
"230","01_7711_0029_01",1,7711,"ref_strain",29,1
"231","01_7785_0029_01",1,7785,"ref_strain",29,1
"232","01_7843_0029_01",1,7843,"ref_strain",29,1
"233","01_8394_0029_01",1,8394,"ref_strain",29,1
"234","01_9203_0029_01",1,9203,"ref_strain",29,1
"235","01_0066_0030_01",1,66,"ref_strain",30,1
"236","01_0290_0030_01",1,290,"ref_strain",30,1
"237","01_0433_0030_01",1,433,"ref_strain",30,1
"238","01_0456_0030_01",1,456,"ref_strain",30,1
"239","01_0539_0030_01",1,539,"ref_strain",30,1
"240","01_0590_0030_01",1,590,"ref_strain",30,1
"241","01_0771_0030_01",1,771,"ref_strain",30,1
"242","01_1367_0030_01",1,1367,"ref_strain",30,1
"243","01_1652_0030_01",1,1652,"ref_strain",30,1
"244","01_2028_0030_01",1,2028,"ref_strain",30,1
"245","01_3053_0030_01",1,3053,"ref_strain",30,1
"246","01_3715_0030_01",1,3715,"ref_strain",30,1
"247","01_5080_0030_01",1,5080,"ref_strain",30,1
"248","01_5092_0030_01",1,5092,"ref_strain",30,1
"249","01_6683_0030_01",1,6683,"ref_strain",30,1
"250","01_9515_0030_01",1,9515,"ref_strain",30,1
"251","01_0023_0031_01",1,23,"ref_strain",31,1
"252","01_0122_0031_01",1,122,"ref_strain",31,1
"253","01_0128_0031_01",1,128,"ref_strain",31,1
"254","01_1397_0031_01",1,1397,"ref_strain",31,1
"255","01_1787_0031_01",1,1787,"ref_strain",31,1
"256","01_2400_0031_01",1,2400,"ref_strain",31,1
"257","01_2745_0031_01",1,2745,"ref_strain",31,1
"258","01_2861_0031_01",1,2861,"ref_strain",31,1
"259","01_3002_0031_01",1,3002,"ref_strain",31,1
"260","01_3247_0031_01",1,3247,"ref_strain",31,1
"261","01_3564_0031_01",1,3564,"ref_strain",31,1
"262","01_3667_0031_01",1,3667,"ref_strain",31,1
"263","01_3786_0031_01",1,3786,"ref_strain",31,1
"264","01_4462_0031_01",1,4462,"ref_strain",31,1
"265","01_4688_0031_01",1,4688,"ref_strain",31,1
"266","01_5626_0031_01",1,5626,"ref_strain",31,1
"267","01_5714_0031_01",1,5714,"ref_strain",31,1
"268","01_6763_0031_01",1,6763,"ref_strain",31,1
"269","01_7274_0031_01",1,7274,"ref_strain",31,1
"270","01_7775_0031_01",1,7775,"ref_strain",31,1
"271","01_7848_0031_01",1,7848,"ref_strain",31,1
"272","01_8236_0031_01",1,8236,"ref_strain",31,1
"273","01_9449_0031_01",1,9449,"ref_strain",31,1
"274","01_0681_0032_01",1,681,"ref_strain",32,1
"275","01_1362_0032_01",1,1362,"ref_strain",32,1
"276","01_2510_0032_01",1,2510,"ref_strain",32,1
"277","01_2630_0032_01",1,2630,"ref_strain",32,1
"278","01_2878_0032_01",1,2878,"ref_strain",32,1
"279","01_2988_0032_01",1,2988,"ref_strain",32,1
"280","01_3220_0032_01",1,3220,"ref_strain",32,1
"281","01_3292_0032_01",1,3292,"ref_strain",32,1
"282","01_3400_0032_01",1,3400,"ref_strain",32,1
"283","01_3612_0032_01",1,3612,"ref_strain",32,1
"284","01_3792_0032_01",1,3792,"ref_strain",32,1
"285","01_3946_0032_01",1,3946,"ref_strain",32,1
"286","01_4213_0032_01",1,4213,"ref_strain",32,1
"287","01_4758_0032_01",1,4758,"ref_strain",32,1
"288","01_4853_0032_01",1,4853,"ref_strain",32,1
"289","01_6057_0032_01",1,6057,"ref_strain",32,1
"290","01_6139_0032_01",1,6139,"ref_strain",32,1
"291","01_6646_0032_01",1,6646,"ref_strain",32,1
"292","01_6829_0032_01",1,6829,"ref_strain",32,1
"293","01_7004_0032_01",1,7004,"ref_strain",32,1
"294","01_8757_0032_01",1,8757,"ref_strain",32,1
"295","01_8871_0032_01",1,8871,"ref_strain",32,1
"296","01_9586_0032_01",1,9586,"ref_strain",32,1
"297","01_9646_0032_01",1,9646,"ref_strain",32,1
"298","01_0097_0033_01",1,97,"ref_strain",33,1
"299","01_0825_0033_01",1,825,"ref_strain",33,1
"300","01_1108_0033_01",1,1108,"ref_strain",33,1
"301","01_1982_0033_01",1,1982,"ref_strain",33,1
"302","01_2178_0033_01",1,2178,"ref_strain",33,1
"303","01_2560_0033_01",1,2560,"ref_strain",33,1
"304","01_2563_0033_01",1,2563,"ref_strain",33,1
"305","01_2876_0033_01",1,2876,"ref_strain",33,1
"306","01_3276_0033_01",1,3276,"ref_strain",33,1
"307","01_3927_0033_01",1,3927,"ref_strain",33,1
"308","01_4357_0033_01",1,4357,"ref_strain",33,1
"309","01_4697_0033_01",1,4697,"ref_strain",33,1
"310","01_4892_0033_01",1,4892,"ref_strain",33,1
"311","01_5043_0033_01",1,5043,"ref_strain",33,1
"312","01_5466_0033_01",1,5466,"ref_strain",33,1
"313","01_5620_0033_01",1,5620,"ref_strain",33,1
"314","01_5975_0033_01",1,5975,"ref_strain",33,1
"315","01_6239_0033_01",1,6239,"ref_strain",33,1
"316","01_6432_0033_01",1,6432,"ref_strain",33,1
"317","01_7276_0033_01",1,7276,"ref_strain",33,1
"318","01_7910_0033_01",1,7910,"ref_strain",33,1
"319","01_7912_0033_01",1,7912,"ref_strain",33,1
"320","01_8570_0033_01",1,8570,"ref_strain",33,1
"321","01_8924_0033_01",1,8924,"ref_strain",33,1
"322","01_9010_0033_01",1,9010,"ref_strain",33,1
"323","01_9064_0033_01",1,9064,"ref_strain",33,1
"324","01_0630_0034_01",1,630,"ref_strain",34,1
"325","01_0813_0034_01",1,813,"ref_strain",34,1
"326","01_1083_0034_01",1,1083,"ref_strain",34,1
"327","01_1233_0034_01",1,1233,"ref_strain",34,1
"328","01_1350_0034_01",1,1350,"ref_strain",34,1
"329","01_1766_0034_01",1,1766,"ref_strain",34,1
"330","01_2600_0034_01",1,2600,"ref_strain",34,1
"331","01_2728_0034_01",1,2728,"ref_strain",34,1
"332","01_2974_0034_01",1,2974,"ref_strain",34,1
"333","01_3082_0034_01",1,3082,"ref_strain",34,1
"334","01_4601_0034_01",1,4601,"ref_strain",34,1
"335","01_5537_0034_01",1,5537,"ref_strain",34,1
"336","01_5800_0034_01",1,5800,"ref_strain",34,1
"337","01_6099_0034_01",1,6099,"ref_strain",34,1
"338","01_6214_0034_01",1,6214,"ref_strain",34,1
"339","01_6466_0034_01",1,6466,"ref_strain",34,1
"340","01_6853_0034_01",1,6853,"ref_strain",34,1
"341","01_6940_0034_01",1,6940,"ref_strain",34,1
"342","01_6957_0034_01",1,6957,"ref_strain",34,1
"343","01_7888_0034_01",1,7888,"ref_strain",34,1
"344","01_8014_0034_01",1,8014,"ref_strain",34,1
"345","01_8196_0034_01",1,8196,"ref_strain",34,1
"346","01_8836_0034_01",1,8836,"ref_strain",34,1
"347","01_9107_0034_01",1,9107,"ref_strain",34,1
"348","01_9155_0034_01",1,9155,"ref_strain",34,1
"349","01_9295_0034_01",1,9295,"ref_strain",34,1
"350","01_9453_0034_01",1,9453,"ref_strain",34,1
"351","01_9622_0034_01",1,9622,"ref_strain",34,1
"352","01_9873_0034_01",1,9873,"ref_strain",34,1
"353","01_9969_0034_01",1,9969,"ref_strain",34,1
"354","01_0806_0035_01",1,806,"ref_strain",35,1
"355","01_0936_0035_01",1,936,"ref_strain",35,1
"356","01_1399_0035_01",1,1399,"ref_strain",35,1
"357","01_1734_0035_01",1,1734,"ref_strain",35,1
"358","01_1825_0035_01",1,1825,"ref_strain",35,1
"359","01_2218_0035_01",1,2218,"ref_strain",35,1
"360","01_2358_0035_01",1,2358,"ref_strain",35,1
"361","01_2459_0035_01",1,2459,"ref_strain",35,1
"362","01_2675_0035_01",1,2675,"ref_strain",35,1
"363","01_2911_0035_01",1,2911,"ref_strain",35,1
"364","01_2922_0035_01",1,2922,"ref_strain",35,1
"365","01_3358_0035_01",1,3358,"ref_strain",35,1
"366","01_3843_0035_01",1,3843,"ref_strain",35,1
"367","01_3961_0035_01",1,3961,"ref_strain",35,1
"368","01_4084_0035_01",1,4084,"ref_strain",35,1
"369","01_4315_0035_01",1,4315,"ref_strain",35,1
"370","01_4966_0035_01",1,4966,"ref_strain",35,1
"371","01_5146_0035_01",1,5146,"ref_strain",35,1
"372","01_5563_0035_01",1,5563,"ref_strain",35,1
"373","01_5715_0035_01",1,5715,"ref_strain",35,1
"374","01_5747_0035_01",1,5747,"ref_strain",35,1
"375","01_5794_0035_01",1,5794,"ref_strain",35,1
"376","01_5823_0035_01",1,5823,"ref_strain",35,1
"377","01_5864_0035_01",1,5864,"ref_strain",35,1
"378","01_6093_0035_01",1,6093,"ref_strain",35,1
"379","01_6403_0035_01",1,6403,"ref_strain",35,1
"380","01_6848_0035_01",1,6848,"ref_strain",35,1
"381","01_6851_0035_01",1,6851,"ref_strain",35,1
"382","01_6993_0035_01",1,6993,"ref_strain",35,1
"383","01_7119_0035_01",1,7119,"ref_strain",35,1
"384","01_7392_0035_01",1,7392,"ref_strain",35,1
"385","01_8010_0035_01",1,8010,"ref_strain",35,1
"386","01_8303_0035_01",1,8303,"ref_strain",35,1
"387","01_8467_0035_01",1,8467,"ref_strain",35,1
"388","01_8545_0035_01",1,8545,"ref_strain",35,1
"389","01_8553_0035_01",1,8553,"ref_strain",35,1
"390","01_9427_0035_01",1,9427,"ref_strain",35,1
"391","01_0404_0036_01",1,404,"ref_strain",36,1
"392","01_0532_0036_01",1,532,"ref_strain",36,1
"393","01_0653_0036_01",1,653,"ref_strain",36,1
"394","01_1099_0036_01",1,1099,"ref_strain",36,1
"395","01_1357_0036_01",1,1357,"ref_strain",36,1
"396","01_1986_0036_01",1,1986,"ref_strain",36,1
"397","01_2201_0036_01",1,2201,"ref_strain",36,1
"398","01_2701_0036_01",1,2701,"ref_strain",36,1
"399","01_2769_0036_01",1,2769,"ref_strain",36,1
"400","01_2958_0036_01",1,2958,"ref_strain",36,1
"401","01_3086_0036_01",1,3086,"ref_strain",36,1
"402","01_3514_0036_01",1,3514,"ref_strain",36,1
"403","01_3861_0036_01",1,3861,"ref_strain",36,1
"404","01_3960_0036_01",1,3960,"ref_strain",36,1
"405","01_4029_0036_01",1,4029,"ref_strain",36,1
"406","01_4048_0036_01",1,4048,"ref_strain",36,1
"407","01_4093_0036_01",1,4093,"ref_strain",36,1
"408","01_4588_0036_01",1,4588,"ref_strain",36,1
"409","01_5177_0036_01",1,5177,"ref_strain",36,1
"410","01_5261_0036_01",1,5261,"ref_strain",36,1
"411","01_5550_0036_01",1,5550,"ref_strain",36,1
"412","01_5593_0036_01",1,5593,"ref_strain",36,1
"413","01_5952_0036_01",1,5952,"ref_strain",36,1
"414","01_6539_0036_01",1,6539,"ref_strain",36,1
"415","01_6681_0036_01",1,6681,"ref_strain",36,1
"416","01_6790_0036_01",1,6790,"ref_strain",36,1
"417","01_7109_0036_01",1,7109,"ref_strain",36,1
"418","01_7226_0036_01",1,7226,"ref_strain",36,1
"419","01_7270_0036_01",1,7270,"ref_strain",36,1
"420","01_7350_0036_01",1,7350,"ref_strain",36,1
"421","01_7590_0036_01",1,7590,"ref_strain",36,1
"422","01_7865_0036_01",1,7865,"ref_strain",36,1
"423","01_8441_0036_01",1,8441,"ref_strain",36,1
"424","01_8581_0036_01",1,8581,"ref_strain",36,1
"425","01_8714_0036_01",1,8714,"ref_strain",36,1
"426","01_9033_0036_01",1,9033,"ref_strain",36,1
"427","01_9054_0036_01",1,9054,"ref_strain",36,1
"428","01_9298_0036_01",1,9298,"ref_strain",36,1
"429","01_9469_0036_01",1,9469,"ref_strain",36,1
"430","01_9654_0036_01",1,9654,"ref_strain",36,1
"431","01_9779_0036_01",1,9779,"ref_strain",36,1
"432","01_0369_0037_01",1,369,"ref_strain",37,1
"433","01_0552_0037_01",1,552,"ref_strain",37,1
"434","01_0571_0037_01",1,571,"ref_strain",37,1
"435","01_0605_0037_01",1,605,"ref_strain",37,1
"436","01_0610_0037_01",1,610,"ref_strain",37,1
"437","01_0770_0037_01",1,770,"ref_strain",37,1
"438","01_0984_0037_01",1,984,"ref_strain",37,1
"439","01_1094_0037_01",1,1094,"ref_strain",37,1
"440","01_1306_0037_01",1,1306,"ref_strain",37,1
"441","01_1387_0037_01",1,1387,"ref_strain",37,1
"442","01_1453_0037_01",1,1453,"ref_strain",37,1
"443","01_1455_0037_01",1,1455,"ref_strain",37,1
"444","01_1590_0037_01",1,1590,"ref_strain",37,1
"445","01_2192_0037_01",1,2192,"ref_strain",37,1
"446","01_2690_0037_01",1,2690,"ref_strain",37,1
"447","01_2761_0037_01",1,2761,"ref_strain",37,1
"448","01_2972_0037_01",1,2972,"ref_strain",37,1
"449","01_3023_0037_01",1,3023,"ref_strain",37,1
"450","01_3115_0037_01",1,3115,"ref_strain",37,1
"451","01_3187_0037_01",1,3187,"ref_strain",37,1
"452","01_3457_0037_01",1,3457,"ref_strain",37,1
"453","01_3566_0037_01",1,3566,"ref_strain",37,1
"454","01_3773_0037_01",1,3773,"ref_strain",37,1
"455","01_4806_0037_01",1,4806,"ref_strain",37,1
"456","01_4862_0037_01",1,4862,"ref_strain",37,1
"457","01_4984_0037_01",1,4984,"ref_strain",37,1
"458","01_5008_0037_01",1,5008,"ref_strain",37,1
"459","01_5070_0037_01",1,5070,"ref_strain",37,1
"460","01_5106_0037_01",1,5106,"ref_strain",37,1
"461","01_5694_0037_01",1,5694,"ref_strain",37,1
"462","01_5733_0037_01",1,5733,"ref_strain",37,1
"463","01_6244_0037_01",1,6244,"ref_strain",37,1
"464","01_6284_0037_01",1,6284,"ref_strain",37,1
"465","01_6474_0037_01",1,6474,"ref_strain",37,1
"466","01_6599_0037_01",1,6599,"ref_strain",37,1
"467","01_6668_0037_01",1,6668,"ref_strain",37,1
"468","01_6965_0037_01",1,6965,"ref_strain",37,1
"469","01_7033_0037_01",1,7033,"ref_strain",37,1
"470","01_7139_0037_01",1,7139,"ref_strain",37,1
"471","01_7223_0037_01",1,7223,"ref_strain",37,1
"472","01_7265_0037_01",1,7265,"ref_strain",37,1
"473","01_7510_0037_01",1,7510,"ref_strain",37,1
"474","01_7548_0037_01",1,7548,"ref_strain",37,1
"475","01_7677_0037_01",1,7677,"ref_strain",37,1
"476","01_7990_0037_01",1,7990,"ref_strain",37,1
"477","01_8167_0037_01",1,8167,"ref_strain",37,1
"478","01_8296_0037_01",1,8296,"ref_strain",37,1
"479","01_8828_0037_01",1,8828,"ref_strain",37,1
"480","01_9074_0037_01",1,9074,"ref_strain",37,1
"481","01_9209_0037_01",1,9209,"ref_strain",37,1
"482","01_9479_0037_01",1,9479,"ref_strain",37,1
"483","01_9559_0037_01",1,9559,"ref_strain",37,1
"484","01_10000_0037_01",1,10000,"ref_strain",37,1
"485","01_0019_0038_01",1,19,"ref_strain",38,1
"486","01_0606_0038_01",1,606,"ref_strain",38,1
"487","01_0715_0038_01",1,715,"ref_strain",38,1
"488","01_0808_0038_01",1,808,"ref_strain",38,1
"489","01_0912_0038_01",1,912,"ref_strain",38,1
"490","01_1039_0038_01",1,1039,"ref_strain",38,1
"491","01_1328_0038_01",1,1328,"ref_strain",38,1
"492","01_1556_0038_01",1,1556,"ref_strain",38,1
"493","01_1989_0038_01",1,1989,"ref_strain",38,1
"494","01_2200_0038_01",1,2200,"ref_strain",38,1
"495","01_2271_0038_01",1,2271,"ref_strain",38,1
"496","01_2412_0038_01",1,2412,"ref_strain",38,1
"497","01_2466_0038_01",1,2466,"ref_strain",38,1
"498","01_2548_0038_01",1,2548,"ref_strain",38,1
"499","01_2834_0038_01",1,2834,"ref_strain",38,1
"500","01_2879_0038_01",1,2879,"ref_strain",38,1
"501","01_2943_0038_01",1,2943,"ref_strain",38,1
"502","01_3117_0038_01",1,3117,"ref_strain",38,1
"503","01_3636_0038_01",1,3636,"ref_strain",38,1
"504","01_4117_0038_01",1,4117,"ref_strain",38,1
"505","01_4202_0038_01",1,4202,"ref_strain",38,1
"506","01_4510_0038_01",1,4510,"ref_strain",38,1
"507","01_4661_0038_01",1,4661,"ref_strain",38,1
"508","01_5006_0038_01",1,5006,"ref_strain",38,1
"509","01_5138_0038_01",1,5138,"ref_strain",38,1
"510","01_5273_0038_01",1,5273,"ref_strain",38,1
"511","01_5338_0038_01",1,5338,"ref_strain",38,1
"512","01_5465_0038_01",1,5465,"ref_strain",38,1
"513","01_5497_0038_01",1,5497,"ref_strain",38,1
"514","01_5510_0038_01",1,5510,"ref_strain",38,1
"515","01_5701_0038_01",1,5701,"ref_strain",38,1
"516","01_5819_0038_01",1,5819,"ref_strain",38,1
"517","01_6155_0038_01",1,6155,"ref_strain",38,1
"518","01_6271_0038_01",1,6271,"ref_strain",38,1
"519","01_6503_0038_01",1,6503,"ref_strain",38,1
"520","01_6504_0038_01",1,6504,"ref_strain",38,1
"521","01_6535_0038_01",1,6535,"ref_strain",38,1
"522","01_6799_0038_01",1,6799,"ref_strain",38,1
"523","01_7520_0038_01",1,7520,"ref_strain",38,1
"524","01_7662_0038_01",1,7662,"ref_strain",38,1
"525","01_7667_0038_01",1,7667,"ref_strain",38,1
"526","01_7795_0038_01",1,7795,"ref_strain",38,1
"527","01_7880_0038_01",1,7880,"ref_strain",38,1
"528","01_8273_0038_01",1,8273,"ref_strain",38,1
"529","01_8905_0038_01",1,8905,"ref_strain",38,1
"530","01_8938_0038_01",1,8938,"ref_strain",38,1
"531","01_9041_0038_01",1,9041,"ref_strain",38,1
"532","01_9163_0038_01",1,9163,"ref_strain",38,1
"533","01_9214_0038_01",1,9214,"ref_strain",38,1
"534","01_9835_0038_01",1,9835,"ref_strain",38,1
"535","01_0340_0039_01",1,340,"ref_strain",39,1
"536","01_0581_0039_01",1,581,"ref_strain",39,1
"537","01_0753_0039_01",1,753,"ref_strain",39,1
"538","01_0864_0039_01",1,864,"ref_strain",39,1
"539","01_0911_0039_01",1,911,"ref_strain",39,1
"540","01_1659_0039_01",1,1659,"ref_strain",39,1
"541","01_2044_0039_01",1,2044,"ref_strain",39,1
"542","01_2134_0039_01",1,2134,"ref_strain",39,1
"543","01_2227_0039_01",1,2227,"ref_strain",39,1
"544","01_2473_0039_01",1,2473,"ref_strain",39,1
"545","01_2480_0039_01",1,2480,"ref_strain",39,1
"546","01_3040_0039_01",1,3040,"ref_strain",39,1
"547","01_3197_0039_01",1,3197,"ref_strain",39,1
"548","01_3318_0039_01",1,3318,"ref_strain",39,1
"549","01_3338_0039_01",1,3338,"ref_strain",39,1
"550","01_3497_0039_01",1,3497,"ref_strain",39,1
"551","01_3620_0039_01",1,3620,"ref_strain",39,1
"552","01_3706_0039_01",1,3706,"ref_strain",39,1
"553","01_3766_0039_01",1,3766,"ref_strain",39,1
"554","01_4324_0039_01",1,4324,"ref_strain",39,1
"555","01_4780_0039_01",1,4780,"ref_strain",39,1
"556","01_4824_0039_01",1,4824,"ref_strain",39,1
"557","01_5094_0039_01",1,5094,"ref_strain",39,1
"558","01_5868_0039_01",1,5868,"ref_strain",39,1
"559","01_5970_0039_01",1,5970,"ref_strain",39,1
"560","01_5994_0039_01",1,5994,"ref_strain",39,1
"561","01_6127_0039_01",1,6127,"ref_strain",39,1
"562","01_6592_0039_01",1,6592,"ref_strain",39,1
"563","01_6625_0039_01",1,6625,"ref_strain",39,1
"564","01_6814_0039_01",1,6814,"ref_strain",39,1
"565","01_6861_0039_01",1,6861,"ref_strain",39,1
"566","01_6934_0039_01",1,6934,"ref_strain",39,1
"567","01_7168_0039_01",1,7168,"ref_strain",39,1
"568","01_7182_0039_01",1,7182,"ref_strain",39,1
"569","01_7396_0039_01",1,7396,"ref_strain",39,1
"570","01_7471_0039_01",1,7471,"ref_strain",39,1
"571","01_7535_0039_01",1,7535,"ref_strain",39,1
"572","01_7549_0039_01",1,7549,"ref_strain",39,1
"573","01_7583_0039_01",1,7583,"ref_strain",39,1
"574","01_7939_0039_01",1,7939,"ref_strain",39,1
"575","01_8294_0039_01",1,8294,"ref_strain",39,1
"576","01_8490_0039_01",1,8490,"ref_strain",39,1
"577","01_8588_0039_01",1,8588,"ref_strain",39,1
"578","01_8888_0039_01",1,8888,"ref_strain",39,1
"579","01_9061_0039_01",1,9061,"ref_strain",39,1
"580","01_9066_0039_01",1,9066,"ref_strain",39,1
"581","01_9226_0039_01",1,9226,"ref_strain",39,1
"582","01_9246_0039_01",1,9246,"ref_strain",39,1
"583","01_9333_0039_01",1,9333,"ref_strain",39,1
"584","01_9401_0039_01",1,9401,"ref_strain",39,1
"585","01_9404_0039_01",1,9404,"ref_strain",39,1
"586","01_9478_0039_01",1,9478,"ref_strain",39,1
"587","01_9583_0039_01",1,9583,"ref_strain",39,1
"588","01_9949_0039_01",1,9949,"ref_strain",39,1
"589","01_9982_0039_01",1,9982,"ref_strain",39,1
"590","01_0177_0040_01",1,177,"ref_strain",40,1
"591","01_0435_0040_01",1,435,"ref_strain",40,1
"592","01_0510_0040_01",1,510,"ref_strain",40,1
"593","01_0582_0040_01",1,582,"ref_strain",40,1
"594","01_0827_0040_01",1,827,"ref_strain",40,1
"595","01_0949_0040_01",1,949,"ref_strain",40,1
"596","01_1676_0040_01",1,1676,"ref_strain",40,1
"597","01_1909_0040_01",1,1909,"ref_strain",40,1
"598","01_2352_0040_01",1,2352,"ref_strain",40,1
"599","01_2374_0040_01",1,2374,"ref_strain",40,1
"600","01_2558_0040_01",1,2558,"ref_strain",40,1
"601","01_2687_0040_01",1,2687,"ref_strain",40,1
"602","01_2808_0040_01",1,2808,"ref_strain",40,1
"603","01_3022_0040_01",1,3022,"ref_strain",40,1
"604","01_3376_0040_01",1,3376,"ref_strain",40,1
"605","01_3421_0040_01",1,3421,"ref_strain",40,1
"606","01_3552_0040_01",1,3552,"ref_strain",40,1
"607","01_3691_0040_01",1,3691,"ref_strain",40,1
"608","01_4000_0040_01",1,4000,"ref_strain",40,1
"609","01_4041_0040_01",1,4041,"ref_strain",40,1
"610","01_4078_0040_01",1,4078,"ref_strain",40,1
"611","01_4206_0040_01",1,4206,"ref_strain",40,1
"612","01_4214_0040_01",1,4214,"ref_strain",40,1
"613","01_4345_0040_01",1,4345,"ref_strain",40,1
"614","01_4367_0040_01",1,4367,"ref_strain",40,1
"615","01_4389_0040_01",1,4389,"ref_strain",40,1
"616","01_4438_0040_01",1,4438,"ref_strain",40,1
"617","01_4590_0040_01",1,4590,"ref_strain",40,1
"618","01_4728_0040_01",1,4728,"ref_strain",40,1
"619","01_5164_0040_01",1,5164,"ref_strain",40,1
"620","01_5207_0040_01",1,5207,"ref_strain",40,1
"621","01_5288_0040_01",1,5288,"ref_strain",40,1
"622","01_5380_0040_01",1,5380,"ref_strain",40,1
"623","01_5409_0040_01",1,5409,"ref_strain",40,1
"624","01_5531_0040_01",1,5531,"ref_strain",40,1
"625","01_6260_0040_01",1,6260,"ref_strain",40,1
"626","01_6294_0040_01",1,6294,"ref_strain",40,1
"627","01_6386_0040_01",1,6386,"ref_strain",40,1
"628","01_6431_0040_01",1,6431,"ref_strain",40,1
"629","01_6521_0040_01",1,6521,"ref_strain",40,1
"630","01_6555_0040_01",1,6555,"ref_strain",40,1
"631","01_6609_0040_01",1,6609,"ref_strain",40,1
"632","01_6909_0040_01",1,6909,"ref_strain",40,1
"633","01_6999_0040_01",1,6999,"ref_strain",40,1
"634","01_7014_0040_01",1,7014,"ref_strain",40,1
"635","01_7130_0040_01",1,7130,"ref_strain",40,1
"636","01_7382_0040_01",1,7382,"ref_strain",40,1
"637","01_7552_0040_01",1,7552,"ref_strain",40,1
"638","01_7714_0040_01",1,7714,"ref_strain",40,1
"639","01_7798_0040_01",1,7798,"ref_strain",40,1
"640","01_7873_0040_01",1,7873,"ref_strain",40,1
"641","01_7887_0040_01",1,7887,"ref_strain",40,1
"642","01_8115_0040_01",1,8115,"ref_strain",40,1
"643","01_8172_0040_01",1,8172,"ref_strain",40,1
"644","01_8285_0040_01",1,8285,"ref_strain",40,1
"645","01_8331_0040_01",1,8331,"ref_strain",40,1
"646","01_8662_0040_01",1,8662,"ref_strain",40,1
"647","01_8724_0040_01",1,8724,"ref_strain",40,1
"648","01_8822_0040_01",1,8822,"ref_strain",40,1
"649","01_8852_0040_01",1,8852,"ref_strain",40,1
"650","01_8917_0040_01",1,8917,"ref_strain",40,1
"651","01_8992_0040_01",1,8992,"ref_strain",40,1
"652","01_9459_0040_01",1,9459,"ref_strain",40,1
"653","01_9569_0040_01",1,9569,"ref_strain",40,1
"654","01_9684_0040_01",1,9684,"ref_strain",40,1
"655","01_9707_0040_01",1,9707,"ref_strain",40,1
"656","01_9775_0040_01",1,9775,"ref_strain",40,1
"657","01_9965_0040_01",1,9965,"ref_strain",40,1
"658","01_0162_0041_01",1,162,"ref_strain",41,1
"659","01_0301_0041_01",1,301,"ref_strain",41,1
"660","01_0830_0041_01",1,830,"ref_strain",41,1
"661","01_1224_0041_01",1,1224,"ref_strain",41,1
"662","01_1568_0041_01",1,1568,"ref_strain",41,1
"663","01_1767_0041_01",1,1767,"ref_strain",41,1
"664","01_1854_0041_01",1,1854,"ref_strain",41,1
"665","01_2164_0041_01",1,2164,"ref_strain",41,1
"666","01_2368_0041_01",1,2368,"ref_strain",41,1
"667","01_2614_0041_01",1,2614,"ref_strain",41,1
"668","01_2755_0041_01",1,2755,"ref_strain",41,1
"669","01_2803_0041_01",1,2803,"ref_strain",41,1
"670","01_2856_0041_01",1,2856,"ref_strain",41,1
"671","01_2913_0041_01",1,2913,"ref_strain",41,1
"672","01_3144_0041_01",1,3144,"ref_strain",41,1
"673","01_3205_0041_01",1,3205,"ref_strain",41,1
"674","01_3856_0041_01",1,3856,"ref_strain",41,1
"675","01_4432_0041_01",1,4432,"ref_strain",41,1
"676","01_4515_0041_01",1,4515,"ref_strain",41,1
"677","01_4557_0041_01",1,4557,"ref_strain",41,1
"678","01_4754_0041_01",1,4754,"ref_strain",41,1
"679","01_4845_0041_01",1,4845,"ref_strain",41,1
"680","01_4889_0041_01",1,4889,"ref_strain",41,1
"681","01_4991_0041_01",1,4991,"ref_strain",41,1
"682","01_5185_0041_01",1,5185,"ref_strain",41,1
"683","01_5401_0041_01",1,5401,"ref_strain",41,1
"684","01_5590_0041_01",1,5590,"ref_strain",41,1
"685","01_5655_0041_01",1,5655,"ref_strain",41,1
"686","01_6085_0041_01",1,6085,"ref_strain",41,1
"687","01_6119_0041_01",1,6119,"ref_strain",41,1
"688","01_6120_0041_01",1,6120,"ref_strain",41,1
"689","01_6211_0041_01",1,6211,"ref_strain",41,1
"690","01_6488_0041_01",1,6488,"ref_strain",41,1
"691","01_6744_0041_01",1,6744,"ref_strain",41,1
"692","01_6791_0041_01",1,6791,"ref_strain",41,1
"693","01_6862_0041_01",1,6862,"ref_strain",41,1
"694","01_7145_0041_01",1,7145,"ref_strain",41,1
"695","01_7353_0041_01",1,7353,"ref_strain",41,1
"696","01_7494_0041_01",1,7494,"ref_strain",41,1
"697","01_7922_0041_01",1,7922,"ref_strain",41,1
"698","01_7945_0041_01",1,7945,"ref_strain",41,1
"699","01_8102_0041_01",1,8102,"ref_strain",41,1
"700","01_8344_0041_01",1,8344,"ref_strain",41,1
"701","01_8444_0041_01",1,8444,"ref_strain",41,1
"702","01_8546_0041_01",1,8546,"ref_strain",41,1
"703","01_8611_0041_01",1,8611,"ref_strain",41,1
"704","01_8665_0041_01",1,8665,"ref_strain",41,1
"705","01_8965_0041_01",1,8965,"ref_strain",41,1
"706","01_9067_0041_01",1,9067,"ref_strain",41,1
"707","01_9106_0041_01",1,9106,"ref_strain",41,1
"708","01_9170_0041_01",1,9170,"ref_strain",41,1
"709","01_9296_0041_01",1,9296,"ref_strain",41,1
"710","01_9413_0041_01",1,9413,"ref_strain",41,1
"711","01_9556_0041_01",1,9556,"ref_strain",41,1
"712","01_9561_0041_01",1,9561,"ref_strain",41,1
"713","01_9572_0041_01",1,9572,"ref_strain",41,1
"714","01_9574_0041_01",1,9574,"ref_strain",41,1
"715","01_9680_0041_01",1,9680,"ref_strain",41,1
"716","01_9698_0041_01",1,9698,"ref_strain",41,1
"717","01_9723_0041_01",1,9723,"ref_strain",41,1
"718","01_9748_0041_01",1,9748,"ref_strain",41,1
"719","01_9837_0041_01",1,9837,"ref_strain",41,1
"720","01_0319_0042_01",1,319,"ref_strain",42,1
"721","01_0377_0042_01",1,377,"ref_strain",42,1
"722","01_0418_0042_01",1,418,"ref_strain",42,1
"723","01_0721_0042_01",1,721,"ref_strain",42,1
"724","01_0731_0042_01",1,731,"ref_strain",42,1
"725","01_0805_0042_01",1,805,"ref_strain",42,1
"726","01_0842_0042_01",1,842,"ref_strain",42,1
"727","01_0924_0042_01",1,924,"ref_strain",42,1
"728","01_1032_0042_01",1,1032,"ref_strain",42,1
"729","01_1065_0042_01",1,1065,"ref_strain",42,1
"730","01_1104_0042_01",1,1104,"ref_strain",42,1
"731","01_1109_0042_01",1,1109,"ref_strain",42,1
"732","01_1384_0042_01",1,1384,"ref_strain",42,1
"733","01_1713_0042_01",1,1713,"ref_strain",42,1
"734","01_1756_0042_01",1,1756,"ref_strain",42,1
"735","01_1771_0042_01",1,1771,"ref_strain",42,1
"736","01_1849_0042_01",1,1849,"ref_strain",42,1
"737","01_1887_0042_01",1,1887,"ref_strain",42,1
"738","01_2116_0042_01",1,2116,"ref_strain",42,1
"739","01_2124_0042_01",1,2124,"ref_strain",42,1
"740","01_2150_0042_01",1,2150,"ref_strain",42,1
"741","01_2185_0042_01",1,2185,"ref_strain",42,1
"742","01_2262_0042_01",1,2262,"ref_strain",42,1
"743","01_2291_0042_01",1,2291,"ref_strain",42,1
"744","01_2300_0042_01",1,2300,"ref_strain",42,1
"745","01_2491_0042_01",1,2491,"ref_strain",42,1
"746","01_2516_0042_01",1,2516,"ref_strain",42,1
"747","01_2713_0042_01",1,2713,"ref_strain",42,1
"748","01_3006_0042_01",1,3006,"ref_strain",42,1
"749","01_3008_0042_01",1,3008,"ref_strain",42,1
"750","01_3689_0042_01",1,3689,"ref_strain",42,1
"751","01_3804_0042_01",1,3804,"ref_strain",42,1
"752","01_3910_0042_01",1,3910,"ref_strain",42,1
"753","01_4082_0042_01",1,4082,"ref_strain",42,1
"754","01_4336_0042_01",1,4336,"ref_strain",42,1
"755","01_4378_0042_01",1,4378,"ref_strain",42,1
"756","01_4425_0042_01",1,4425,"ref_strain",42,1
"757","01_4565_0042_01",1,4565,"ref_strain",42,1
"758","01_4652_0042_01",1,4652,"ref_strain",42,1
"759","01_4926_0042_01",1,4926,"ref_strain",42,1
"760","01_5167_0042_01",1,5167,"ref_strain",42,1
"761","01_5372_0042_01",1,5372,"ref_strain",42,1
"762","01_5444_0042_01",1,5444,"ref_strain",42,1
"763","01_5490_0042_01",1,5490,"ref_strain",42,1
"764","01_5796_0042_01",1,5796,"ref_strain",42,1
"765","01_5832_0042_01",1,5832,"ref_strain",42,1
"766","01_5969_0042_01",1,5969,"ref_strain",42,1
"767","01_6039_0042_01",1,6039,"ref_strain",42,1
"768","01_6188_0042_01",1,6188,"ref_strain",42,1
"769","01_6221_0042_01",1,6221,"ref_strain",42,1
"770","01_6313_0042_01",1,6313,"ref_strain",42,1
"771","01_6461_0042_01",1,6461,"ref_strain",42,1
"772","01_6602_0042_01",1,6602,"ref_strain",42,1
"773","01_6800_0042_01",1,6800,"ref_strain",42,1
"774","01_6827_0042_01",1,6827,"ref_strain",42,1
"775","01_6889_0042_01",1,6889,"ref_strain",42,1
"776","01_6935_0042_01",1,6935,"ref_strain",42,1
"777","01_6974_0042_01",1,6974,"ref_strain",42,1
"778","01_7283_0042_01",1,7283,"ref_strain",42,1
"779","01_7333_0042_01",1,7333,"ref_strain",42,1
"780","01_7404_0042_01",1,7404,"ref_strain",42,1
"781","01_7930_0042_01",1,7930,"ref_strain",42,1
"782","01_7993_0042_01",1,7993,"ref_strain",42,1
"783","01_8162_0042_01",1,8162,"ref_strain",42,1
"784","01_8193_0042_01",1,8193,"ref_strain",42,1
"785","01_8245_0042_01",1,8245,"ref_strain",42,1
"786","01_8426_0042_01",1,8426,"ref_strain",42,1
"787","01_8526_0042_01",1,8526,"ref_strain",42,1
"788","01_8558_0042_01",1,8558,"ref_strain",42,1
"789","01_8636_0042_01",1,8636,"ref_strain",42,1
"790","01_8648_0042_01",1,8648,"ref_strain",42,1
"791","01_8838_0042_01",1,8838,"ref_strain",42,1
"792","01_8972_0042_01",1,8972,"ref_strain",42,1
"793","01_9236_0042_01",1,9236,"ref_strain",42,1
"794","01_9439_0042_01",1,9439,"ref_strain",42,1
"795","01_9489_0042_01",1,9489,"ref_strain",42,1
"796","01_9549_0042_01",1,9549,"ref_strain",42,1
"797","01_9715_0042_01",1,9715,"ref_strain",42,1
"798","01_9910_0042_01",1,9910,"ref_strain",42,1
"799","01_9984_0042_01",1,9984,"ref_strain",42,1
"800","01_0074_0043_01",1,74,"ref_strain",43,1
"801","01_0216_0043_01",1,216,"ref_strain",43,1
"802","01_0372_0043_01",1,372,"ref_strain",43,1
"803","01_0570_0043_01",1,570,"ref_strain",43,1
"804","01_0640_0043_01",1,640,"ref_strain",43,1
"805","01_0656_0043_01",1,656,"ref_strain",43,1
"806","01_0853_0043_01",1,853,"ref_strain",43,1
"807","01_0861_0043_01",1,861,"ref_strain",43,1
"808","01_0937_0043_01",1,937,"ref_strain",43,1
"809","01_1008_0043_01",1,1008,"ref_strain",43,1
"810","01_1148_0043_01",1,1148,"ref_strain",43,1
"811","01_1324_0043_01",1,1324,"ref_strain",43,1
"812","01_1425_0043_01",1,1425,"ref_strain",43,1
"813","01_1464_0043_01",1,1464,"ref_strain",43,1
"814","01_1523_0043_01",1,1523,"ref_strain",43,1
"815","01_1980_0043_01",1,1980,"ref_strain",43,1
"816","01_2031_0043_01",1,2031,"ref_strain",43,1
"817","01_2177_0043_01",1,2177,"ref_strain",43,1
"818","01_2721_0043_01",1,2721,"ref_strain",43,1
"819","01_2873_0043_01",1,2873,"ref_strain",43,1
"820","01_3110_0043_01",1,3110,"ref_strain",43,1
"821","01_3232_0043_01",1,3232,"ref_strain",43,1
"822","01_3284_0043_01",1,3284,"ref_strain",43,1
"823","01_3304_0043_01",1,3304,"ref_strain",43,1
"824","01_3538_0043_01",1,3538,"ref_strain",43,1
"825","01_3551_0043_01",1,3551,"ref_strain",43,1
"826","01_3568_0043_01",1,3568,"ref_strain",43,1
"827","01_3614_0043_01",1,3614,"ref_strain",43,1
"828","01_3740_0043_01",1,3740,"ref_strain",43,1
"829","01_3838_0043_01",1,3838,"ref_strain",43,1
"830","01_4447_0043_01",1,4447,"ref_strain",43,1
"831","01_4660_0043_01",1,4660,"ref_strain",43,1
"832","01_4707_0043_01",1,4707,"ref_strain",43,1
"833","01_4781_0043_01",1,4781,"ref_strain",43,1
"834","01_4821_0043_01",1,4821,"ref_strain",43,1
"835","01_4932_0043_01",1,4932,"ref_strain",43,1
"836","01_4977_0043_01",1,4977,"ref_strain",43,1
"837","01_5025_0043_01",1,5025,"ref_strain",43,1
"838","01_5122_0043_01",1,5122,"ref_strain",43,1
"839","01_5239_0043_01",1,5239,"ref_strain",43,1
"840","01_5252_0043_01",1,5252,"ref_strain",43,1
"841","01_5256_0043_01",1,5256,"ref_strain",43,1
"842","01_5351_0043_01",1,5351,"ref_strain",43,1
"843","01_5565_0043_01",1,5565,"ref_strain",43,1
"844","01_5566_0043_01",1,5566,"ref_strain",43,1
"845","01_5842_0043_01",1,5842,"ref_strain",43,1
"846","01_5915_0043_01",1,5915,"ref_strain",43,1
"847","01_5978_0043_01",1,5978,"ref_strain",43,1
"848","01_6105_0043_01",1,6105,"ref_strain",43,1
"849","01_6185_0043_01",1,6185,"ref_strain",43,1
"850","01_6240_0043_01",1,6240,"ref_strain",43,1
"851","01_6282_0043_01",1,6282,"ref_strain",43,1
"852","01_6362_0043_01",1,6362,"ref_strain",43,1
"853","01_6451_0043_01",1,6451,"ref_strain",43,1
"854","01_6562_0043_01",1,6562,"ref_strain",43,1
"855","01_6584_0043_01",1,6584,"ref_strain",43,1
"856","01_6597_0043_01",1,6597,"ref_strain",43,1
"857","01_7224_0043_01",1,7224,"ref_strain",43,1
"858","01_7376_0043_01",1,7376,"ref_strain",43,1
"859","01_7380_0043_01",1,7380,"ref_strain",43,1
"860","01_7666_0043_01",1,7666,"ref_strain",43,1
"861","01_7870_0043_01",1,7870,"ref_strain",43,1
"862","01_8060_0043_01",1,8060,"ref_strain",43,1
"863","01_8160_0043_01",1,8160,"ref_strain",43,1
"864","01_8272_0043_01",1,8272,"ref_strain",43,1
"865","01_8365_0043_01",1,8365,"ref_strain",43,1
"866","01_8418_0043_01",1,8418,"ref_strain",43,1
"867","01_8439_0043_01",1,8439,"ref_strain",43,1
"868","01_8457_0043_01",1,8457,"ref_strain",43,1
"869","01_8763_0043_01",1,8763,"ref_strain",43,1
"870","01_8941_0043_01",1,8941,"ref_strain",43,1
"871","01_8951_0043_01",1,8951,"ref_strain",43,1
"872","01_8971_0043_01",1,8971,"ref_strain",43,1
"873","01_9019_0043_01",1,9019,"ref_strain",43,1
"874","01_9075_0043_01",1,9075,"ref_strain",43,1
"875","01_9759_0043_01",1,9759,"ref_strain",43,1
"876","01_9847_0043_01",1,9847,"ref_strain",43,1
"877","01_9855_0043_01",1,9855,"ref_strain",43,1
"878","01_9935_0043_01",1,9935,"ref_strain",43,1
"879","01_0308_0044_01",1,308,"ref_strain",44,1
"880","01_0580_0044_01",1,580,"ref_strain",44,1
"881","01_0607_0044_01",1,607,"ref_strain",44,1
"882","01_0882_0044_01",1,882,"ref_strain",44,1
"883","01_1092_0044_01",1,1092,"ref_strain",44,1
"884","01_1139_0044_01",1,1139,"ref_strain",44,1
"885","01_1406_0044_01",1,1406,"ref_strain",44,1
"886","01_1446_0044_01",1,1446,"ref_strain",44,1
"887","01_1583_0044_01",1,1583,"ref_strain",44,1
"888","01_1675_0044_01",1,1675,"ref_strain",44,1
"889","01_1786_0044_01",1,1786,"ref_strain",44,1
"890","01_1892_0044_01",1,1892,"ref_strain",44,1
"891","01_1931_0044_01",1,1931,"ref_strain",44,1
"892","01_2035_0044_01",1,2035,"ref_strain",44,1
"893","01_2310_0044_01",1,2310,"ref_strain",44,1
"894","01_2364_0044_01",1,2364,"ref_strain",44,1
"895","01_2421_0044_01",1,2421,"ref_strain",44,1
"896","01_2465_0044_01",1,2465,"ref_strain",44,1
"897","01_2554_0044_01",1,2554,"ref_strain",44,1
"898","01_2654_0044_01",1,2654,"ref_strain",44,1
"899","01_3034_0044_01",1,3034,"ref_strain",44,1
"900","01_3049_0044_01",1,3049,"ref_strain",44,1
"901","01_3078_0044_01",1,3078,"ref_strain",44,1
"902","01_3208_0044_01",1,3208,"ref_strain",44,1
"903","01_3265_0044_01",1,3265,"ref_strain",44,1
"904","01_3269_0044_01",1,3269,"ref_strain",44,1
"905","01_3404_0044_01",1,3404,"ref_strain",44,1
"906","01_3449_0044_01",1,3449,"ref_strain",44,1
"907","01_3485_0044_01",1,3485,"ref_strain",44,1
"908","01_3493_0044_01",1,3493,"ref_strain",44,1
"909","01_3780_0044_01",1,3780,"ref_strain",44,1
"910","01_3904_0044_01",1,3904,"ref_strain",44,1
"911","01_4171_0044_01",1,4171,"ref_strain",44,1
"912","01_4239_0044_01",1,4239,"ref_strain",44,1
"913","01_4253_0044_01",1,4253,"ref_strain",44,1
"914","01_4280_0044_01",1,4280,"ref_strain",44,1
"915","01_4429_0044_01",1,4429,"ref_strain",44,1
"916","01_4613_0044_01",1,4613,"ref_strain",44,1
"917","01_4818_0044_01",1,4818,"ref_strain",44,1
"918","01_4854_0044_01",1,4854,"ref_strain",44,1
"919","01_5023_0044_01",1,5023,"ref_strain",44,1
"920","01_5174_0044_01",1,5174,"ref_strain",44,1
"921","01_5235_0044_01",1,5235,"ref_strain",44,1
"922","01_5423_0044_01",1,5423,"ref_strain",44,1
"923","01_5446_0044_01",1,5446,"ref_strain",44,1
"924","01_5587_0044_01",1,5587,"ref_strain",44,1
"925","01_5610_0044_01",1,5610,"ref_strain",44,1
"926","01_5709_0044_01",1,5709,"ref_strain",44,1
"927","01_5774_0044_01",1,5774,"ref_strain",44,1
"928","01_5862_0044_01",1,5862,"ref_strain",44,1
"929","01_5972_0044_01",1,5972,"ref_strain",44,1
"930","01_6179_0044_01",1,6179,"ref_strain",44,1
"931","01_6195_0044_01",1,6195,"ref_strain",44,1
"932","01_6237_0044_01",1,6237,"ref_strain",44,1
"933","01_6272_0044_01",1,6272,"ref_strain",44,1
"934","01_6285_0044_01",1,6285,"ref_strain",44,1
"935","01_6493_0044_01",1,6493,"ref_strain",44,1
"936","01_6588_0044_01",1,6588,"ref_strain",44,1
"937","01_6730_0044_01",1,6730,"ref_strain",44,1
"938","01_6762_0044_01",1,6762,"ref_strain",44,1
"939","01_6766_0044_01",1,6766,"ref_strain",44,1
"940","01_6793_0044_01",1,6793,"ref_strain",44,1
"941","01_7162_0044_01",1,7162,"ref_strain",44,1
"942","01_7259_0044_01",1,7259,"ref_strain",44,1
"943","01_7367_0044_01",1,7367,"ref_strain",44,1
"944","01_7416_0044_01",1,7416,"ref_strain",44,1
"945","01_7430_0044_01",1,7430,"ref_strain",44,1
"946","01_7512_0044_01",1,7512,"ref_strain",44,1
"947","01_7737_0044_01",1,7737,"ref_strain",44,1
"948","01_7893_0044_01",1,7893,"ref_strain",44,1
"949","01_7913_0044_01",1,7913,"ref_strain",44,1
"950","01_7951_0044_01",1,7951,"ref_strain",44,1
"951","01_7985_0044_01",1,7985,"ref_strain",44,1
"952","01_8063_0044_01",1,8063,"ref_strain",44,1
"953","01_8076_0044_01",1,8076,"ref_strain",44,1
"954","01_8320_0044_01",1,8320,"ref_strain",44,1
"955","01_8463_0044_01",1,8463,"ref_strain",44,1
"956","01_8651_0044_01",1,8651,"ref_strain",44,1
"957","01_8684_0044_01",1,8684,"ref_strain",44,1
"958","01_8705_0044_01",1,8705,"ref_strain",44,1
"959","01_8798_0044_01",1,8798,"ref_strain",44,1
"960","01_8805_0044_01",1,8805,"ref_strain",44,1
"961","01_8837_0044_01",1,8837,"ref_strain",44,1
"962","01_8912_0044_01",1,8912,"ref_strain",44,1
"963","01_9241_0044_01",1,9241,"ref_strain",44,1
"964","01_9305_0044_01",1,9305,"ref_strain",44,1
"965","01_9793_0044_01",1,9793,"ref_strain",44,1
"966","01_9863_0044_01",1,9863,"ref_strain",44,1
"967","01_9903_0044_01",1,9903,"ref_strain",44,1
"968","01_9994_0044_01",1,9994,"ref_strain",44,1
"969","01_0029_0045_01",1,29,"ref_strain",45,1
"970","01_0061_0045_01",1,61,"ref_strain",45,1
"971","01_0095_0045_01",1,95,"ref_strain",45,1
"972","01_0115_0045_01",1,115,"ref_strain",45,1
"973","01_0207_0045_01",1,207,"ref_strain",45,1
"974","01_0257_0045_01",1,257,"ref_strain",45,1
"975","01_0272_0045_01",1,272,"ref_strain",45,1
"976","01_0278_0045_01",1,278,"ref_strain",45,1
"977","01_0293_0045_01",1,293,"ref_strain",45,1
"978","01_0446_0045_01",1,446,"ref_strain",45,1
"979","01_0475_0045_01",1,475,"ref_strain",45,1
"980","01_0480_0045_01",1,480,"ref_strain",45,1
"981","01_0523_0045_01",1,523,"ref_strain",45,1
"982","01_0550_0045_01",1,550,"ref_strain",45,1
"983","01_0573_0045_01",1,573,"ref_strain",45,1
"984","01_0725_0045_01",1,725,"ref_strain",45,1
"985","01_0759_0045_01",1,759,"ref_strain",45,1
"986","01_1067_0045_01",1,1067,"ref_strain",45,1
"987","01_1402_0045_01",1,1402,"ref_strain",45,1
"988","01_1469_0045_01",1,1469,"ref_strain",45,1
"989","01_1551_0045_01",1,1551,"ref_strain",45,1
"990","01_1674_0045_01",1,1674,"ref_strain",45,1
"991","01_1710_0045_01",1,1710,"ref_strain",45,1
"992","01_1724_0045_01",1,1724,"ref_strain",45,1
"993","01_1920_0045_01",1,1920,"ref_strain",45,1
"994","01_2038_0045_01",1,2038,"ref_strain",45,1
"995","01_2182_0045_01",1,2182,"ref_strain",45,1
"996","01_2346_0045_01",1,2346,"ref_strain",45,1
"997","01_2372_0045_01",1,2372,"ref_strain",45,1
"998","01_2414_0045_01",1,2414,"ref_strain",45,1
"999","01_2431_0045_01",1,2431,"ref_strain",45,1
"1000","01_2449_0045_01",1,2449,"ref_strain",45,1
"1001","01_2502_0045_01",1,2502,"ref_strain",45,1
"1002","01_2686_0045_01",1,2686,"ref_strain",45,1
"1003","01_2970_0045_01",1,2970,"ref_strain",45,1
"1004","01_3062_0045_01",1,3062,"ref_strain",45,1
"1005","01_3073_0045_01",1,3073,"ref_strain",45,1
"1006","01_3095_0045_01",1,3095,"ref_strain",45,1
"1007","01_3217_0045_01",1,3217,"ref_strain",45,1
"1008","01_3811_0045_01",1,3811,"ref_strain",45,1
"1009","01_3883_0045_01",1,3883,"ref_strain",45,1
"1010","01_3936_0045_01",1,3936,"ref_strain",45,1
"1011","01_4062_0045_01",1,4062,"ref_strain",45,1
"1012","01_4069_0045_01",1,4069,"ref_strain",45,1
"1013","01_4071_0045_01",1,4071,"ref_strain",45,1
"1014","01_4163_0045_01",1,4163,"ref_strain",45,1
"1015","01_4747_0045_01",1,4747,"ref_strain",45,1
"1016","01_4787_0045_01",1,4787,"ref_strain",45,1
"1017","01_4816_0045_01",1,4816,"ref_strain",45,1
"1018","01_4836_0045_01",1,4836,"ref_strain",45,1
"1019","01_4935_0045_01",1,4935,"ref_strain",45,1
"1020","01_5127_0045_01",1,5127,"ref_strain",45,1
"1021","01_5308_0045_01",1,5308,"ref_strain",45,1
"1022","01_5364_0045_01",1,5364,"ref_strain",45,1
"1023","01_5538_0045_01",1,5538,"ref_strain",45,1
"1024","01_5668_0045_01",1,5668,"ref_strain",45,1
"1025","01_5879_0045_01",1,5879,"ref_strain",45,1
"1026","01_6042_0045_01",1,6042,"ref_strain",45,1
"1027","01_6061_0045_01",1,6061,"ref_strain",45,1
"1028","01_6104_0045_01",1,6104,"ref_strain",45,1
"1029","01_6207_0045_01",1,6207,"ref_strain",45,1
"1030","01_6268_0045_01",1,6268,"ref_strain",45,1
"1031","01_6309_0045_01",1,6309,"ref_strain",45,1
"1032","01_6326_0045_01",1,6326,"ref_strain",45,1
"1033","01_6332_0045_01",1,6332,"ref_strain",45,1
"1034","01_6345_0045_01",1,6345,"ref_strain",45,1
"1035","01_6360_0045_01",1,6360,"ref_strain",45,1
"1036","01_6499_0045_01",1,6499,"ref_strain",45,1
"1037","01_6564_0045_01",1,6564,"ref_strain",45,1
"1038","01_6603_0045_01",1,6603,"ref_strain",45,1
"1039","01_6795_0045_01",1,6795,"ref_strain",45,1
"1040","01_6798_0045_01",1,6798,"ref_strain",45,1
"1041","01_6881_0045_01",1,6881,"ref_strain",45,1
"1042","01_6945_0045_01",1,6945,"ref_strain",45,1
"1043","01_7087_0045_01",1,7087,"ref_strain",45,1
"1044","01_7107_0045_01",1,7107,"ref_strain",45,1
"1045","01_7315_0045_01",1,7315,"ref_strain",45,1
"1046","01_7317_0045_01",1,7317,"ref_strain",45,1
"1047","01_7342_0045_01",1,7342,"ref_strain",45,1
"1048","01_7387_0045_01",1,7387,"ref_strain",45,1
"1049","01_7409_0045_01",1,7409,"ref_strain",45,1
"1050","01_7421_0045_01",1,7421,"ref_strain",45,1
"1051","01_7530_0045_01",1,7530,"ref_strain",45,1
"1052","01_7575_0045_01",1,7575,"ref_strain",45,1
"1053","01_7792_0045_01",1,7792,"ref_strain",45,1
"1054","01_8007_0045_01",1,8007,"ref_strain",45,1
"1055","01_8405_0045_01",1,8405,"ref_strain",45,1
"1056","01_8419_0045_01",1,8419,"ref_strain",45,1
"1057","01_8555_0045_01",1,8555,"ref_strain",45,1
"1058","01_8586_0045_01",1,8586,"ref_strain",45,1
"1059","01_8619_0045_01",1,8619,"ref_strain",45,1
"1060","01_8704_0045_01",1,8704,"ref_strain",45,1
"1061","01_8710_0045_01",1,8710,"ref_strain",45,1
"1062","01_8776_0045_01",1,8776,"ref_strain",45,1
"1063","01_8859_0045_01",1,8859,"ref_strain",45,1
"1064","01_8960_0045_01",1,8960,"ref_strain",45,1
"1065","01_9068_0045_01",1,9068,"ref_strain",45,1
"1066","01_9070_0045_01",1,9070,"ref_strain",45,1
"1067","01_9224_0045_01",1,9224,"ref_strain",45,1
"1068","01_9234_0045_01",1,9234,"ref_strain",45,1
"1069","01_9411_0045_01",1,9411,"ref_strain",45,1
"1070","01_9451_0045_01",1,9451,"ref_strain",45,1
"1071","01_9466_0045_01",1,9466,"ref_strain",45,1
"1072","01_9518_0045_01",1,9518,"ref_strain",45,1
"1073","01_9606_0045_01",1,9606,"ref_strain",45,1
"1074","01_0129_0046_01",1,129,"ref_strain",46,1
"1075","01_0215_0046_01",1,215,"ref_strain",46,1
"1076","01_0231_0046_01",1,231,"ref_strain",46,1
"1077","01_0238_0046_01",1,238,"ref_strain",46,1
"1078","01_0240_0046_01",1,240,"ref_strain",46,1
"1079","01_0380_0046_01",1,380,"ref_strain",46,1
"1080","01_0384_0046_01",1,384,"ref_strain",46,1
"1081","01_0402_0046_01",1,402,"ref_strain",46,1
"1082","01_0788_0046_01",1,788,"ref_strain",46,1
"1083","01_0902_0046_01",1,902,"ref_strain",46,1
"1084","01_0990_0046_01",1,990,"ref_strain",46,1
"1085","01_1033_0046_01",1,1033,"ref_strain",46,1
"1086","01_1276_0046_01",1,1276,"ref_strain",46,1
"1087","01_1322_0046_01",1,1322,"ref_strain",46,1
"1088","01_1360_0046_01",1,1360,"ref_strain",46,1
"1089","01_1378_0046_01",1,1378,"ref_strain",46,1
"1090","01_1414_0046_01",1,1414,"ref_strain",46,1
"1091","01_1448_0046_01",1,1448,"ref_strain",46,1
"1092","01_1492_0046_01",1,1492,"ref_strain",46,1
"1093","01_1499_0046_01",1,1499,"ref_strain",46,1
"1094","01_1521_0046_01",1,1521,"ref_strain",46,1
"1095","01_1549_0046_01",1,1549,"ref_strain",46,1
"1096","01_1642_0046_01",1,1642,"ref_strain",46,1
"1097","01_1757_0046_01",1,1757,"ref_strain",46,1
"1098","01_1772_0046_01",1,1772,"ref_strain",46,1
"1099","01_1816_0046_01",1,1816,"ref_strain",46,1
"1100","01_1853_0046_01",1,1853,"ref_strain",46,1
"1101","01_2157_0046_01",1,2157,"ref_strain",46,1
"1102","01_2163_0046_01",1,2163,"ref_strain",46,1
"1103","01_2169_0046_01",1,2169,"ref_strain",46,1
"1104","01_2171_0046_01",1,2171,"ref_strain",46,1
"1105","01_2234_0046_01",1,2234,"ref_strain",46,1
"1106","01_2277_0046_01",1,2277,"ref_strain",46,1
"1107","01_2311_0046_01",1,2311,"ref_strain",46,1
"1108","01_2315_0046_01",1,2315,"ref_strain",46,1
"1109","01_2463_0046_01",1,2463,"ref_strain",46,1
"1110","01_2498_0046_01",1,2498,"ref_strain",46,1
"1111","01_2647_0046_01",1,2647,"ref_strain",46,1
"1112","01_2774_0046_01",1,2774,"ref_strain",46,1
"1113","01_2857_0046_01",1,2857,"ref_strain",46,1
"1114","01_2944_0046_01",1,2944,"ref_strain",46,1
"1115","01_3348_0046_01",1,3348,"ref_strain",46,1
"1116","01_3522_0046_01",1,3522,"ref_strain",46,1
"1117","01_3746_0046_01",1,3746,"ref_strain",46,1
"1118","01_3834_0046_01",1,3834,"ref_strain",46,1
"1119","01_3996_0046_01",1,3996,"ref_strain",46,1
"1120","01_4034_0046_01",1,4034,"ref_strain",46,1
"1121","01_4196_0046_01",1,4196,"ref_strain",46,1
"1122","01_4306_0046_01",1,4306,"ref_strain",46,1
"1123","01_4593_0046_01",1,4593,"ref_strain",46,1
"1124","01_4596_0046_01",1,4596,"ref_strain",46,1
"1125","01_4809_0046_01",1,4809,"ref_strain",46,1
"1126","01_4863_0046_01",1,4863,"ref_strain",46,1
"1127","01_4886_0046_01",1,4886,"ref_strain",46,1
"1128","01_4952_0046_01",1,4952,"ref_strain",46,1
"1129","01_4975_0046_01",1,4975,"ref_strain",46,1
"1130","01_5159_0046_01",1,5159,"ref_strain",46,1
"1131","01_5283_0046_01",1,5283,"ref_strain",46,1
"1132","01_5540_0046_01",1,5540,"ref_strain",46,1
"1133","01_5549_0046_01",1,5549,"ref_strain",46,1
"1134","01_5605_0046_01",1,5605,"ref_strain",46,1
"1135","01_5637_0046_01",1,5637,"ref_strain",46,1
"1136","01_5642_0046_01",1,5642,"ref_strain",46,1
"1137","01_5713_0046_01",1,5713,"ref_strain",46,1
"1138","01_5752_0046_01",1,5752,"ref_strain",46,1
"1139","01_5780_0046_01",1,5780,"ref_strain",46,1
"1140","01_5968_0046_01",1,5968,"ref_strain",46,1
"1141","01_6040_0046_01",1,6040,"ref_strain",46,1
"1142","01_6112_0046_01",1,6112,"ref_strain",46,1
"1143","01_6113_0046_01",1,6113,"ref_strain",46,1
"1144","01_6126_0046_01",1,6126,"ref_strain",46,1
"1145","01_6165_0046_01",1,6165,"ref_strain",46,1
"1146","01_6439_0046_01",1,6439,"ref_strain",46,1
"1147","01_6849_0046_01",1,6849,"ref_strain",46,1
"1148","01_6883_0046_01",1,6883,"ref_strain",46,1
"1149","01_6886_0046_01",1,6886,"ref_strain",46,1
"1150","01_7039_0046_01",1,7039,"ref_strain",46,1
"1151","01_7151_0046_01",1,7151,"ref_strain",46,1
"1152","01_7156_0046_01",1,7156,"ref_strain",46,1
"1153","01_7267_0046_01",1,7267,"ref_strain",46,1
"1154","01_7306_0046_01",1,7306,"ref_strain",46,1
"1155","01_7381_0046_01",1,7381,"ref_strain",46,1
"1156","01_7412_0046_01",1,7412,"ref_strain",46,1
"1157","01_7587_0046_01",1,7587,"ref_strain",46,1
"1158","01_7598_0046_01",1,7598,"ref_strain",46,1
"1159","01_7605_0046_01",1,7605,"ref_strain",46,1
"1160","01_7638_0046_01",1,7638,"ref_strain",46,1
"1161","01_7768_0046_01",1,7768,"ref_strain",46,1
"1162","01_7965_0046_01",1,7965,"ref_strain",46,1
"1163","01_8006_0046_01",1,8006,"ref_strain",46,1
"1164","01_8232_0046_01",1,8232,"ref_strain",46,1
"1165","01_8506_0046_01",1,8506,"ref_strain",46,1
"1166","01_8811_0046_01",1,8811,"ref_strain",46,1
"1167","01_8949_0046_01",1,8949,"ref_strain",46,1
"1168","01_9059_0046_01",1,9059,"ref_strain",46,1
"1169","01_9069_0046_01",1,9069,"ref_strain",46,1
"1170","01_9110_0046_01",1,9110,"ref_strain",46,1
"1171","01_9117_0046_01",1,9117,"ref_strain",46,1
"1172","01_9311_0046_01",1,9311,"ref_strain",46,1
"1173","01_9332_0046_01",1,9332,"ref_strain",46,1
"1174","01_9519_0046_01",1,9519,"ref_strain",46,1
"1175","01_9577_0046_01",1,9577,"ref_strain",46,1
"1176","01_9658_0046_01",1,9658,"ref_strain",46,1
"1177","01_9727_0046_01",1,9727,"ref_strain",46,1
"1178","01_9911_0046_01",1,9911,"ref_strain",46,1
"1179","01_9950_0046_01",1,9950,"ref_strain",46,1
"1180","01_9975_0046_01",1,9975,"ref_strain",46,1
"1181","01_0032_0047_01",1,32,"ref_strain",47,1
"1182","01_0108_0047_01",1,108,"ref_strain",47,1
"1183","01_0234_0047_01",1,234,"ref_strain",47,1
"1184","01_0239_0047_01",1,239,"ref_strain",47,1
"1185","01_0284_0047_01",1,284,"ref_strain",47,1
"1186","01_0426_0047_01",1,426,"ref_strain",47,1
"1187","01_0477_0047_01",1,477,"ref_strain",47,1
"1188","01_0622_0047_01",1,622,"ref_strain",47,1
"1189","01_0677_0047_01",1,677,"ref_strain",47,1
"1190","01_0680_0047_01",1,680,"ref_strain",47,1
"1191","01_0741_0047_01",1,741,"ref_strain",47,1
"1192","01_0906_0047_01",1,906,"ref_strain",47,1
"1193","01_0917_0047_01",1,917,"ref_strain",47,1
"1194","01_0964_0047_01",1,964,"ref_strain",47,1
"1195","01_1056_0047_01",1,1056,"ref_strain",47,1
"1196","01_1155_0047_01",1,1155,"ref_strain",47,1
"1197","01_1192_0047_01",1,1192,"ref_strain",47,1
"1198","01_1290_0047_01",1,1290,"ref_strain",47,1
"1199","01_1423_0047_01",1,1423,"ref_strain",47,1
"1200","01_1709_0047_01",1,1709,"ref_strain",47,1
"1201","01_1711_0047_01",1,1711,"ref_strain",47,1
"1202","01_1741_0047_01",1,1741,"ref_strain",47,1
"1203","01_1922_0047_01",1,1922,"ref_strain",47,1
"1204","01_2009_0047_01",1,2009,"ref_strain",47,1
"1205","01_2011_0047_01",1,2011,"ref_strain",47,1
"1206","01_2520_0047_01",1,2520,"ref_strain",47,1
"1207","01_2676_0047_01",1,2676,"ref_strain",47,1
"1208","01_2819_0047_01",1,2819,"ref_strain",47,1
"1209","01_2955_0047_01",1,2955,"ref_strain",47,1
"1210","01_2969_0047_01",1,2969,"ref_strain",47,1
"1211","01_3020_0047_01",1,3020,"ref_strain",47,1
"1212","01_3306_0047_01",1,3306,"ref_strain",47,1
"1213","01_3388_0047_01",1,3388,"ref_strain",47,1
"1214","01_3562_0047_01",1,3562,"ref_strain",47,1
"1215","01_3601_0047_01",1,3601,"ref_strain",47,1
"1216","01_3725_0047_01",1,3725,"ref_strain",47,1
"1217","01_3944_0047_01",1,3944,"ref_strain",47,1
"1218","01_3970_0047_01",1,3970,"ref_strain",47,1
"1219","01_3994_0047_01",1,3994,"ref_strain",47,1
"1220","01_4043_0047_01",1,4043,"ref_strain",47,1
"1221","01_4303_0047_01",1,4303,"ref_strain",47,1
"1222","01_4527_0047_01",1,4527,"ref_strain",47,1
"1223","01_4740_0047_01",1,4740,"ref_strain",47,1
"1224","01_4764_0047_01",1,4764,"ref_strain",47,1
"1225","01_5096_0047_01",1,5096,"ref_strain",47,1
"1226","01_5228_0047_01",1,5228,"ref_strain",47,1
"1227","01_5358_0047_01",1,5358,"ref_strain",47,1
"1228","01_5400_0047_01",1,5400,"ref_strain",47,1
"1229","01_5600_0047_01",1,5600,"ref_strain",47,1
"1230","01_5805_0047_01",1,5805,"ref_strain",47,1
"1231","01_6029_0047_01",1,6029,"ref_strain",47,1
"1232","01_6097_0047_01",1,6097,"ref_strain",47,1
"1233","01_6100_0047_01",1,6100,"ref_strain",47,1
"1234","01_6196_0047_01",1,6196,"ref_strain",47,1
"1235","01_6437_0047_01",1,6437,"ref_strain",47,1
"1236","01_6514_0047_01",1,6514,"ref_strain",47,1
"1237","01_6531_0047_01",1,6531,"ref_strain",47,1
"1238","01_6570_0047_01",1,6570,"ref_strain",47,1
"1239","01_6622_0047_01",1,6622,"ref_strain",47,1
"1240","01_6631_0047_01",1,6631,"ref_strain",47,1
"1241","01_6769_0047_01",1,6769,"ref_strain",47,1
"1242","01_6835_0047_01",1,6835,"ref_strain",47,1
"1243","01_6980_0047_01",1,6980,"ref_strain",47,1
"1244","01_6986_0047_01",1,6986,"ref_strain",47,1
"1245","01_7018_0047_01",1,7018,"ref_strain",47,1
"1246","01_7046_0047_01",1,7046,"ref_strain",47,1
"1247","01_7112_0047_01",1,7112,"ref_strain",47,1
"1248","01_7158_0047_01",1,7158,"ref_strain",47,1
"1249","01_7175_0047_01",1,7175,"ref_strain",47,1
"1250","01_7304_0047_01",1,7304,"ref_strain",47,1
"1251","01_7316_0047_01",1,7316,"ref_strain",47,1
"1252","01_7322_0047_01",1,7322,"ref_strain",47,1
"1253","01_7365_0047_01",1,7365,"ref_strain",47,1
"1254","01_7371_0047_01",1,7371,"ref_strain",47,1
"1255","01_7373_0047_01",1,7373,"ref_strain",47,1
"1256","01_7414_0047_01",1,7414,"ref_strain",47,1
"1257","01_7497_0047_01",1,7497,"ref_strain",47,1
"1258","01_7600_0047_01",1,7600,"ref_strain",47,1
"1259","01_7675_0047_01",1,7675,"ref_strain",47,1
"1260","01_7955_0047_01",1,7955,"ref_strain",47,1
"1261","01_8106_0047_01",1,8106,"ref_strain",47,1
"1262","01_8140_0047_01",1,8140,"ref_strain",47,1
"1263","01_8145_0047_01",1,8145,"ref_strain",47,1
"1264","01_8219_0047_01",1,8219,"ref_strain",47,1
"1265","01_8271_0047_01",1,8271,"ref_strain",47,1
"1266","01_8298_0047_01",1,8298,"ref_strain",47,1
"1267","01_8324_0047_01",1,8324,"ref_strain",47,1
"1268","01_8336_0047_01",1,8336,"ref_strain",47,1
"1269","01_8598_0047_01",1,8598,"ref_strain",47,1
"1270","01_8668_0047_01",1,8668,"ref_strain",47,1
"1271","01_8937_0047_01",1,8937,"ref_strain",47,1
"1272","01_9003_0047_01",1,9003,"ref_strain",47,1
"1273","01_9004_0047_01",1,9004,"ref_strain",47,1
"1274","01_9046_0047_01",1,9046,"ref_strain",47,1
"1275","01_9079_0047_01",1,9079,"ref_strain",47,1
"1276","01_9232_0047_01",1,9232,"ref_strain",47,1
"1277","01_9308_0047_01",1,9308,"ref_strain",47,1
"1278","01_9657_0047_01",1,9657,"ref_strain",47,1
"1279","01_9668_0047_01",1,9668,"ref_strain",47,1
"1280","01_9764_0047_01",1,9764,"ref_strain",47,1
"1281","01_9844_0047_01",1,9844,"ref_strain",47,1
"1282","01_9865_0047_01",1,9865,"ref_strain",47,1
"1283","01_9887_0047_01",1,9887,"ref_strain",47,1
"1284","01_9998_0047_01",1,9998,"ref_strain",47,1
"1285","01_0233_0048_01",1,233,"ref_strain",48,1
"1286","01_0309_0048_01",1,309,"ref_strain",48,1
"1287","01_0344_0048_01",1,344,"ref_strain",48,1
"1288","01_0413_0048_01",1,413,"ref_strain",48,1
"1289","01_0431_0048_01",1,431,"ref_strain",48,1
"1290","01_0527_0048_01",1,527,"ref_strain",48,1
"1291","01_0584_0048_01",1,584,"ref_strain",48,1
"1292","01_0814_0048_01",1,814,"ref_strain",48,1
"1293","01_0819_0048_01",1,819,"ref_strain",48,1
"1294","01_0886_0048_01",1,886,"ref_strain",48,1
"1295","01_1180_0048_01",1,1180,"ref_strain",48,1
"1296","01_1346_0048_01",1,1346,"ref_strain",48,1
"1297","01_1416_0048_01",1,1416,"ref_strain",48,1
"1298","01_1530_0048_01",1,1530,"ref_strain",48,1
"1299","01_1572_0048_01",1,1572,"ref_strain",48,1
"1300","01_1574_0048_01",1,1574,"ref_strain",48,1
"1301","01_1606_0048_01",1,1606,"ref_strain",48,1
"1302","01_1712_0048_01",1,1712,"ref_strain",48,1
"1303","01_1934_0048_01",1,1934,"ref_strain",48,1
"1304","01_2079_0048_01",1,2079,"ref_strain",48,1
"1305","01_2113_0048_01",1,2113,"ref_strain",48,1
"1306","01_2367_0048_01",1,2367,"ref_strain",48,1
"1307","01_2479_0048_01",1,2479,"ref_strain",48,1
"1308","01_2489_0048_01",1,2489,"ref_strain",48,1
"1309","01_2514_0048_01",1,2514,"ref_strain",48,1
"1310","01_2652_0048_01",1,2652,"ref_strain",48,1
"1311","01_2688_0048_01",1,2688,"ref_strain",48,1
"1312","01_2762_0048_01",1,2762,"ref_strain",48,1
"1313","01_2776_0048_01",1,2776,"ref_strain",48,1
"1314","01_2871_0048_01",1,2871,"ref_strain",48,1
"1315","01_2941_0048_01",1,2941,"ref_strain",48,1
"1316","01_3093_0048_01",1,3093,"ref_strain",48,1
"1317","01_3108_0048_01",1,3108,"ref_strain",48,1
"1318","01_3128_0048_01",1,3128,"ref_strain",48,1
"1319","01_3160_0048_01",1,3160,"ref_strain",48,1
"1320","01_3240_0048_01",1,3240,"ref_strain",48,1
"1321","01_3256_0048_01",1,3256,"ref_strain",48,1
"1322","01_3278_0048_01",1,3278,"ref_strain",48,1
"1323","01_3380_0048_01",1,3380,"ref_strain",48,1
"1324","01_3406_0048_01",1,3406,"ref_strain",48,1
"1325","01_3488_0048_01",1,3488,"ref_strain",48,1
"1326","01_3650_0048_01",1,3650,"ref_strain",48,1
"1327","01_3979_0048_01",1,3979,"ref_strain",48,1
"1328","01_3984_0048_01",1,3984,"ref_strain",48,1
"1329","01_4145_0048_01",1,4145,"ref_strain",48,1
"1330","01_4274_0048_01",1,4274,"ref_strain",48,1
"1331","01_4400_0048_01",1,4400,"ref_strain",48,1
"1332","01_4496_0048_01",1,4496,"ref_strain",48,1
"1333","01_4498_0048_01",1,4498,"ref_strain",48,1
"1334","01_4554_0048_01",1,4554,"ref_strain",48,1
"1335","01_4575_0048_01",1,4575,"ref_strain",48,1
"1336","01_4670_0048_01",1,4670,"ref_strain",48,1
"1337","01_4689_0048_01",1,4689,"ref_strain",48,1
"1338","01_4750_0048_01",1,4750,"ref_strain",48,1
"1339","01_4785_0048_01",1,4785,"ref_strain",48,1
"1340","01_4884_0048_01",1,4884,"ref_strain",48,1
"1341","01_4902_0048_01",1,4902,"ref_strain",48,1
"1342","01_4933_0048_01",1,4933,"ref_strain",48,1
"1343","01_5154_0048_01",1,5154,"ref_strain",48,1
"1344","01_5199_0048_01",1,5199,"ref_strain",48,1
"1345","01_5306_0048_01",1,5306,"ref_strain",48,1
"1346","01_5454_0048_01",1,5454,"ref_strain",48,1
"1347","01_5498_0048_01",1,5498,"ref_strain",48,1
"1348","01_5621_0048_01",1,5621,"ref_strain",48,1
"1349","01_5666_0048_01",1,5666,"ref_strain",48,1
"1350","01_5678_0048_01",1,5678,"ref_strain",48,1
"1351","01_5745_0048_01",1,5745,"ref_strain",48,1
"1352","01_5834_0048_01",1,5834,"ref_strain",48,1
"1353","01_6062_0048_01",1,6062,"ref_strain",48,1
"1354","01_6172_0048_01",1,6172,"ref_strain",48,1
"1355","01_6248_0048_01",1,6248,"ref_strain",48,1
"1356","01_6292_0048_01",1,6292,"ref_strain",48,1
"1357","01_6575_0048_01",1,6575,"ref_strain",48,1
"1358","01_6643_0048_01",1,6643,"ref_strain",48,1
"1359","01_6759_0048_01",1,6759,"ref_strain",48,1
"1360","01_6781_0048_01",1,6781,"ref_strain",48,1
"1361","01_6846_0048_01",1,6846,"ref_strain",48,1
"1362","01_6998_0048_01",1,6998,"ref_strain",48,1
"1363","01_7021_0048_01",1,7021,"ref_strain",48,1
"1364","01_7131_0048_01",1,7131,"ref_strain",48,1
"1365","01_7195_0048_01",1,7195,"ref_strain",48,1
"1366","01_7272_0048_01",1,7272,"ref_strain",48,1
"1367","01_7275_0048_01",1,7275,"ref_strain",48,1
"1368","01_7596_0048_01",1,7596,"ref_strain",48,1
"1369","01_7649_0048_01",1,7649,"ref_strain",48,1
"1370","01_7725_0048_01",1,7725,"ref_strain",48,1
"1371","01_7782_0048_01",1,7782,"ref_strain",48,1
"1372","01_7816_0048_01",1,7816,"ref_strain",48,1
"1373","01_7923_0048_01",1,7923,"ref_strain",48,1
"1374","01_8217_0048_01",1,8217,"ref_strain",48,1
"1375","01_8308_0048_01",1,8308,"ref_strain",48,1
"1376","01_8543_0048_01",1,8543,"ref_strain",48,1
"1377","01_8614_0048_01",1,8614,"ref_strain",48,1
"1378","01_8625_0048_01",1,8625,"ref_strain",48,1
"1379","01_8650_0048_01",1,8650,"ref_strain",48,1
"1380","01_8722_0048_01",1,8722,"ref_strain",48,1
"1381","01_8733_0048_01",1,8733,"ref_strain",48,1
"1382","01_8849_0048_01",1,8849,"ref_strain",48,1
"1383","01_8850_0048_01",1,8850,"ref_strain",48,1
"1384","01_8913_0048_01",1,8913,"ref_strain",48,1
"1385","01_9173_0048_01",1,9173,"ref_strain",48,1
"1386","01_9178_0048_01",1,9178,"ref_strain",48,1
"1387","01_9201_0048_01",1,9201,"ref_strain",48,1
"1388","01_9216_0048_01",1,9216,"ref_strain",48,1
"1389","01_9237_0048_01",1,9237,"ref_strain",48,1
"1390","01_9300_0048_01",1,9300,"ref_strain",48,1
"1391","01_9334_0048_01",1,9334,"ref_strain",48,1
"1392","01_9350_0048_01",1,9350,"ref_strain",48,1
"1393","01_9415_0048_01",1,9415,"ref_strain",48,1
"1394","01_9582_0048_01",1,9582,"ref_strain",48,1
"1395","01_9660_0048_01",1,9660,"ref_strain",48,1
"1396","01_9762_0048_01",1,9762,"ref_strain",48,1
"1397","01_0007_0049_01",1,7,"ref_strain",49,1
"1398","01_0051_0049_01",1,51,"ref_strain",49,1
"1399","01_0219_0049_01",1,219,"ref_strain",49,1
"1400","01_0371_0049_01",1,371,"ref_strain",49,1
"1401","01_0376_0049_01",1,376,"ref_strain",49,1
"1402","01_0687_0049_01",1,687,"ref_strain",49,1
"1403","01_0749_0049_01",1,749,"ref_strain",49,1
"1404","01_0862_0049_01",1,862,"ref_strain",49,1
"1405","01_0920_0049_01",1,920,"ref_strain",49,1
"1406","01_0931_0049_01",1,931,"ref_strain",49,1
"1407","01_0940_0049_01",1,940,"ref_strain",49,1
"1408","01_0954_0049_01",1,954,"ref_strain",49,1
"1409","01_0978_0049_01",1,978,"ref_strain",49,1
"1410","01_1001_0049_01",1,1001,"ref_strain",49,1
"1411","01_1123_0049_01",1,1123,"ref_strain",49,1
"1412","01_1250_0049_01",1,1250,"ref_strain",49,1
"1413","01_1300_0049_01",1,1300,"ref_strain",49,1
"1414","01_1315_0049_01",1,1315,"ref_strain",49,1
"1415","01_1468_0049_01",1,1468,"ref_strain",49,1
"1416","01_1625_0049_01",1,1625,"ref_strain",49,1
"1417","01_1641_0049_01",1,1641,"ref_strain",49,1
"1418","01_1745_0049_01",1,1745,"ref_strain",49,1
"1419","01_1751_0049_01",1,1751,"ref_strain",49,1
"1420","01_1803_0049_01",1,1803,"ref_strain",49,1
"1421","01_1903_0049_01",1,1903,"ref_strain",49,1
"1422","01_1912_0049_01",1,1912,"ref_strain",49,1
"1423","01_2168_0049_01",1,2168,"ref_strain",49,1
"1424","01_2203_0049_01",1,2203,"ref_strain",49,1
"1425","01_2211_0049_01",1,2211,"ref_strain",49,1
"1426","01_2253_0049_01",1,2253,"ref_strain",49,1
"1427","01_2424_0049_01",1,2424,"ref_strain",49,1
"1428","01_2486_0049_01",1,2486,"ref_strain",49,1
"1429","01_2574_0049_01",1,2574,"ref_strain",49,1
"1430","01_2631_0049_01",1,2631,"ref_strain",49,1
"1431","01_2659_0049_01",1,2659,"ref_strain",49,1
"1432","01_2707_0049_01",1,2707,"ref_strain",49,1
"1433","01_2783_0049_01",1,2783,"ref_strain",49,1
"1434","01_2956_0049_01",1,2956,"ref_strain",49,1
"1435","01_3010_0049_01",1,3010,"ref_strain",49,1
"1436","01_3126_0049_01",1,3126,"ref_strain",49,1
"1437","01_3151_0049_01",1,3151,"ref_strain",49,1
"1438","01_3168_0049_01",1,3168,"ref_strain",49,1
"1439","01_3183_0049_01",1,3183,"ref_strain",49,1
"1440","01_3288_0049_01",1,3288,"ref_strain",49,1
"1441","01_3434_0049_01",1,3434,"ref_strain",49,1
"1442","01_3466_0049_01",1,3466,"ref_strain",49,1
"1443","01_3504_0049_01",1,3504,"ref_strain",49,1
"1444","01_3525_0049_01",1,3525,"ref_strain",49,1
"1445","01_3646_0049_01",1,3646,"ref_strain",49,1
"1446","01_3744_0049_01",1,3744,"ref_strain",49,1
"1447","01_3765_0049_01",1,3765,"ref_strain",49,1
"1448","01_3833_0049_01",1,3833,"ref_strain",49,1
"1449","01_3887_0049_01",1,3887,"ref_strain",49,1
"1450","01_3911_0049_01",1,3911,"ref_strain",49,1
"1451","01_4080_0049_01",1,4080,"ref_strain",49,1
"1452","01_4095_0049_01",1,4095,"ref_strain",49,1
"1453","01_4194_0049_01",1,4194,"ref_strain",49,1
"1454","01_4227_0049_01",1,4227,"ref_strain",49,1
"1455","01_4460_0049_01",1,4460,"ref_strain",49,1
"1456","01_4479_0049_01",1,4479,"ref_strain",49,1
"1457","01_4539_0049_01",1,4539,"ref_strain",49,1
"1458","01_4674_0049_01",1,4674,"ref_strain",49,1
"1459","01_4702_0049_01",1,4702,"ref_strain",49,1
"1460","01_4820_0049_01",1,4820,"ref_strain",49,1
"1461","01_4883_0049_01",1,4883,"ref_strain",49,1
"1462","01_5040_0049_01",1,5040,"ref_strain",49,1
"1463","01_5083_0049_01",1,5083,"ref_strain",49,1
"1464","01_5219_0049_01",1,5219,"ref_strain",49,1
"1465","01_5266_0049_01",1,5266,"ref_strain",49,1
"1466","01_5362_0049_01",1,5362,"ref_strain",49,1
"1467","01_5392_0049_01",1,5392,"ref_strain",49,1
"1468","01_5421_0049_01",1,5421,"ref_strain",49,1
"1469","01_5475_0049_01",1,5475,"ref_strain",49,1
"1470","01_5554_0049_01",1,5554,"ref_strain",49,1
"1471","01_5639_0049_01",1,5639,"ref_strain",49,1
"1472","01_5816_0049_01",1,5816,"ref_strain",49,1
"1473","01_5826_0049_01",1,5826,"ref_strain",49,1
"1474","01_5839_0049_01",1,5839,"ref_strain",49,1
"1475","01_5878_0049_01",1,5878,"ref_strain",49,1
"1476","01_5927_0049_01",1,5927,"ref_strain",49,1
"1477","01_6090_0049_01",1,6090,"ref_strain",49,1
"1478","01_6129_0049_01",1,6129,"ref_strain",49,1
"1479","01_6161_0049_01",1,6161,"ref_strain",49,1
"1480","01_6266_0049_01",1,6266,"ref_strain",49,1
"1481","01_6459_0049_01",1,6459,"ref_strain",49,1
"1482","01_6475_0049_01",1,6475,"ref_strain",49,1
"1483","01_6711_0049_01",1,6711,"ref_strain",49,1
"1484","01_6842_0049_01",1,6842,"ref_strain",49,1
"1485","01_6871_0049_01",1,6871,"ref_strain",49,1
"1486","01_6915_0049_01",1,6915,"ref_strain",49,1
"1487","01_6925_0049_01",1,6925,"ref_strain",49,1
"1488","01_7057_0049_01",1,7057,"ref_strain",49,1
"1489","01_7122_0049_01",1,7122,"ref_strain",49,1
"1490","01_7166_0049_01",1,7166,"ref_strain",49,1
"1491","01_7489_0049_01",1,7489,"ref_strain",49,1
"1492","01_7499_0049_01",1,7499,"ref_strain",49,1
"1493","01_7506_0049_01",1,7506,"ref_strain",49,1
"1494","01_7532_0049_01",1,7532,"ref_strain",49,1
"1495","01_7586_0049_01",1,7586,"ref_strain",49,1
"1496","01_7610_0049_01",1,7610,"ref_strain",49,1
"1497","01_7717_0049_01",1,7717,"ref_strain",49,1
"1498","01_7872_0049_01",1,7872,"ref_strain",49,1
"1499","01_7972_0049_01",1,7972,"ref_strain",49,1
"1500","01_8013_0049_01",1,8013,"ref_strain",49,1
"1501","01_8062_0049_01",1,8062,"ref_strain",49,1
"1502","01_8110_0049_01",1,8110,"ref_strain",49,1
"1503","01_8132_0049_01",1,8132,"ref_strain",49,1
"1504","01_8408_0049_01",1,8408,"ref_strain",49,1
"1505","01_8459_0049_01",1,8459,"ref_strain",49,1
"1506","01_8631_0049_01",1,8631,"ref_strain",49,1
"1507","01_8779_0049_01",1,8779,"ref_strain",49,1
"1508","01_8848_0049_01",1,8848,"ref_strain",49,1
"1509","01_8869_0049_01",1,8869,"ref_strain",49,1
"1510","01_8897_0049_01",1,8897,"ref_strain",49,1
"1511","01_9031_0049_01",1,9031,"ref_strain",49,1
"1512","01_9371_0049_01",1,9371,"ref_strain",49,1
"1513","01_9379_0049_01",1,9379,"ref_strain",49,1
"1514","01_9587_0049_01",1,9587,"ref_strain",49,1
"1515","01_9597_0049_01",1,9597,"ref_strain",49,1
"1516","01_9645_0049_01",1,9645,"ref_strain",49,1
"1517","01_9662_0049_01",1,9662,"ref_strain",49,1
"1518","01_9774_0049_01",1,9774,"ref_strain",49,1
"1519","01_9776_0049_01",1,9776,"ref_strain",49,1
"1520","01_9798_0049_01",1,9798,"ref_strain",49,1
"1521","01_9801_0049_01",1,9801,"ref_strain",49,1
"1522","01_9804_0049_01",1,9804,"ref_strain",49,1
"1523","01_9825_0049_01",1,9825,"ref_strain",49,1
"1524","01_9841_0049_01",1,9841,"ref_strain",49,1
"1525","01_9958_0049_01",1,9958,"ref_strain",49,1
"1526","01_9974_0049_01",1,9974,"ref_strain",49,1
